{
  "type": "FeatureCollection",
  "features": [
    {
      "type": "Feature",
      "id": 32057,
      "geometry": {
        "type": "Polygon",
        "coordinates": [
          [
            [
              -82.7553799083182,
              27.969685410240523
            ],
            [
              -82.75550846861876,
              27.96968562119273
            ],
            [
              -82.7555003193967,
              27.96949654121912
            ],
            [
              -82.75548569496351,
              27.96948825734609
            ],
            [
              -82.75537957084663,
              27.969279716705966
            ],
            [
              -82.75516271946726,
              27.96927936127667
            ],
            [
              -82.75516285823356,
              27.969444388955846
            ],
            [
              -82.75516299901408,
              27.969609413010527
            ],
            [
              -82.75516305712509,
              27.96968505211503
            ],
            [
              -82.7553799083182,
              27.969685410240523
            ]
          ]
        ]
      },
      "properties": {
        "OBJECTID": 32057,
        "PARCELID": "122915557820220060",
        "STRAP": "152912557820220060",
        "SITE_ADDRESS": "1962 HARDING PLZ",
        "SITE_CITY": "CLEARWATER",
        "SITE_STATE": "FL",
        "SITE_ZIP": "33765",
        "LAND_USE_CODE": "01"
      }
    },
    {
      "type": "Feature",
      "id": 57827,
      "geometry": {
        "type": "Polygon",
        "coordinates": [
          [
            [
              -82.75363759675254,
              27.968655145643293
            ],
            [
              -82.75363928192453,
              27.968655149948827
            ],
            [
              -82.75403745655562,
              27.968656226047916
            ],
            [
              -82.7540372347827,
              27.968489533885393
            ],
            [
              -82.75363826437926,
              27.96849042391384
            ],
            [
              -82.75363738726753,
              27.968490426010884
            ],
            [
              -82.75363759675254,
              27.968655145643293
            ]
          ]
        ]
      },
      "properties": {
        "OBJECTID": 57827,
        "PARCELID": "122915826380030070",
        "STRAP": "152912826380030070",
        "SITE_ADDRESS": "210 PATRICIA AVE",
        "SITE_CITY": "CLEARWATER",
        "SITE_STATE": "FL",
        "SITE_ZIP": "33765",
        "LAND_USE_CODE": "08"
      }
    },
    {
      "type": "Feature",
      "id": 69594,
      "geometry": {
        "type": "Polygon",
        "coordinates": [
          [
            [
              -82.75474461270392,
              27.97062637532783
            ],
            [
              -82.75497367998295,
              27.97062633136834
            ],
            [
              -82.75497350507604,
              27.970560178746442
            ],
            [
              -82.7549731453712,
              27.97042265598562
            ],
            [
              -82.75497270502564,
              27.970257633589622
            ],
            [
              -82.75497270202064,
              27.97025544984298
            ],
            [
              -82.75474416007621,
              27.97025506949594
            ],
            [
              -82.75474470679673,
              27.97042009221647
            ],
            [
              -82.75474464536157,
              27.97055760556126
            ],
            [
              -82.75474461270392,
              27.97062637532783
            ]
          ]
        ]
      },
      "properties": {
        "OBJECTID": 69594,
        "PARCELID": "122915557820210101",
        "STRAP": "152912557820210101",
        "SITE_ADDRESS": "1970 MCKINLEY ST",
        "SITE_CITY": "CLEARWATER",
        "SITE_STATE": "FL",
        "SITE_ZIP": "33765",
        "LAND_USE_CODE": "01"
      }
    },
    {
      "type": "Feature",
      "id": 88308,
      "geometry": {
        "type": "Polygon",
        "coordinates": [
          [
            [
              -82.75218181005695,
              27.97153825264519
            ],
            [
              -82.7525226889401,
              27.971539347520224
            ],
            [
              -82.75252223542374,
              27.971308032600106
            ],
            [
              -82.75218139079998,
              27.97130664335
            ],
            [
              -82.75218181005695,
              27.97153825264519
            ]
          ]
        ]
      },
      "properties": {
        "OBJECTID": 88308,
        "PARCELID": "122915826560100010",
        "STRAP": "152912826560100010",
        "SITE_ADDRESS": "2041 MARILYN ST",
        "SITE_CITY": "CLEARWATER",
        "SITE_STATE": "FL",
        "SITE_ZIP": "33765",
        "LAND_USE_CODE": "01"
      }
    },
    {
      "type": "Feature",
      "id": 95785,
      "geometry": {
        "type": "Polygon",
        "coordinates": [
          [
            [
              -82.75183966234557,
              27.970700546821227
            ],
            [
              -82.75184140046265,
              27.97070055988284
            ],
            [
              -82.75218028460635,
              27.97070312118306
            ],
            [
              -82.7521799166736,
              27.97050235228084
            ],
            [
              -82.75184013767226,
              27.970499784129814
            ],
            [
              -82.75183926045013,
              27.97049977268049
            ],
            [
              -82.75183966234557,
              27.970700546821227
            ]
          ]
        ]
      },
      "properties": {
        "OBJECTID": 95785,
        "PARCELID": "122915826560100080",
        "STRAP": "152912826560100080",
        "SITE_ADDRESS": "404 GRAHAM DR",
        "SITE_CITY": "CLEARWATER",
        "SITE_STATE": "FL",
        "SITE_ZIP": "33765",
        "LAND_USE_CODE": "01"
      }
    },
    {
      "type": "Feature",
      "id": 122822,
      "geometry": {
        "type": "Polygon",
        "coordinates": [
          [
            [
              -82.75363662902593,
              27.9696749217387
            ],
            [
              -82.75363753670018,
              27.96967492849797
            ],
            [
              -82.75403634711424,
              27.969677298689838
            ],
            [
              -82.7540364941727,
              27.96947726423486
            ],
            [
              -82.75363767231713,
              27.96947489680283
            ],
            [
              -82.75363679617615,
              27.969474893480353
            ],
            [
              -82.75363662902593,
              27.9696749217387
            ]
          ]
        ]
      },
      "properties": {
        "OBJECTID": 122822,
        "PARCELID": "122915826380020080",
        "STRAP": "152912826380020080",
        "SITE_ADDRESS": "310 PATRICIA AVE",
        "SITE_CITY": "CLEARWATER",
        "SITE_STATE": "FL",
        "SITE_ZIP": "33765",
        "LAND_USE_CODE": "01"
      }
    },
    {
      "type": "Feature",
      "id": 129052,
      "geometry": {
        "type": "Polygon",
        "coordinates": [
          [
            [
              -82.75270676296584,
              27.97070644039881
            ],
            [
              -82.75306317262782,
              27.970708110450428
            ],
            [
              -82.75306277255106,
              27.970507339042445
            ],
            [
              -82.75270643164438,
              27.97050566860433
            ],
            [
              -82.75270676296584,
              27.97070644039881
            ]
          ]
        ]
      },
      "properties": {
        "OBJECTID": 129052,
        "PARCELID": "122915826560070050",
        "STRAP": "152912826560070050",
        "SITE_ADDRESS": "404 KERRY DR",
        "SITE_CITY": "CLEARWATER",
        "SITE_STATE": "FL",
        "SITE_ZIP": "33765",
        "LAND_USE_CODE": "01"
      }
    },
    {
      "type": "Feature",
      "id": 191017,
      "geometry": {
        "type": "Polygon",
        "coordinates": [
          [
            [
              -82.752178190086,
              27.969308003418
            ],
            [
              -82.75251705115753,
              27.96930830721905
            ],
            [
              -82.75251924451527,
              27.969308309661148
            ],
            [
              -82.75251896630836,
              27.969109713173413
            ],
            [
              -82.75217858775005,
              27.969109900438454
            ],
            [
              -82.75217771063305,
              27.969109902526267
            ],
            [
              -82.75217774110749,
              27.969125874519897
            ],
            [
              -82.752178190086,
              27.969308003418
            ]
          ]
        ]
      },
      "properties": {
        "OBJECTID": 191017,
        "PARCELID": "122915826560110050",
        "STRAP": "152912826560110050",
        "SITE_ADDRESS": "301 KERRY DR",
        "SITE_CITY": "CLEARWATER",
        "SITE_STATE": "FL",
        "SITE_ZIP": "33765",
        "LAND_USE_CODE": "01"
      }
    },
    {
      "type": "Feature",
      "id": 227743,
      "geometry": {
        "type": "Polygon",
        "coordinates": [
          [
            [
              -82.75306277255106,
              27.970507339042445
            ],
            [
              -82.75344868824357,
              27.97050914709742
            ],
            [
              -82.75344985915297,
              27.970509151513905
            ],
            [
              -82.7534496037922,
              27.97027810712223
            ],
            [
              -82.7530623133557,
              27.970276681071027
            ],
            [
              -82.75306277255106,
              27.970507339042445
            ]
          ]
        ]
      },
      "properties": {
        "OBJECTID": 227743,
        "PARCELID": "122915826380060060",
        "STRAP": "152912826380060060",
        "SITE_ADDRESS": "2020 MCKINLEY ST",
        "SITE_CITY": "CLEARWATER",
        "SITE_STATE": "FL",
        "SITE_ZIP": "33765",
        "LAND_USE_CODE": "01"
      }
    },
    {
      "type": "Feature",
      "id": 271878,
      "geometry": {
        "type": "Polygon",
        "coordinates": [
          [
            [
              -82.75306332667886,
              27.970111273472714
            ],
            [
              -82.75345058464556,
              27.970113085024146
            ],
            [
              -82.75344894143123,
              27.969876553617315
            ],
            [
              -82.7530618255997,
              27.96987474397852
            ],
            [
              -82.75306332667886,
              27.970111273472714
            ]
          ]
        ]
      },
      "properties": {
        "OBJECTID": 271878,
        "PARCELID": "122915826380050010",
        "STRAP": "152912826380050010",
        "SITE_ADDRESS": "2019 MCKINLEY ST",
        "SITE_CITY": "CLEARWATER",
        "SITE_STATE": "FL",
        "SITE_ZIP": "33765",
        "LAND_USE_CODE": "01"
      }
    },
    {
      "type": "Feature",
      "id": 277965,
      "geometry": {
        "type": "Polygon",
        "coordinates": [
          [
            [
              -82.75500631783976,
              27.96863245938092
            ],
            [
              -82.75506474634615,
              27.968632669357913
            ],
            [
              -82.75514578353548,
              27.9686329582657
            ],
            [
              -82.75522682787607,
              27.96863325250078
            ],
            [
              -82.75526293226446,
              27.968633380987008
            ],
            [
              -82.75526243708914,
              27.96839967227194
            ],
            [
              -82.75522437225952,
              27.968399989492912
            ],
            [
              -82.75514333152543,
              27.968399750279396
            ],
            [
              -82.75506229282317,
              27.968399511007014
            ],
            [
              -82.75500570183708,
              27.96839898052506
            ],
            [
              -82.75500631783976,
              27.96863245938092
            ]
          ]
        ]
      },
      "properties": {
        "OBJECTID": 277965,
        "PARCELID": "122915557820250210",
        "STRAP": "152912557820250210",
        "SITE_ADDRESS": "1970 DREW PLZ",
        "SITE_CITY": "CLEARWATER",
        "SITE_STATE": "FL",
        "SITE_ZIP": "33765",
        "LAND_USE_CODE": "01"
      }
    },
    {
      "type": "Feature",
      "id": 308197,
      "geometry": {
        "type": "Polygon",
        "coordinates": [
          [
            [
              -82.7518406833785,
              27.971305253407845
            ],
            [
              -82.7518421246665,
              27.97130525906754
            ],
            [
              -82.75218139079998,
              27.97130664335
            ],
            [
              -82.75218101740168,
              27.97110333248586
            ],
            [
              -82.75184046794101,
              27.971101617715572
            ],
            [
              -82.7518406833785,
              27.971305253407845
            ]
          ]
        ]
      },
      "properties": {
        "OBJECTID": 308197,
        "PARCELID": "122915826560100110",
        "STRAP": "152912826560100110",
        "SITE_ADDRESS": "416 GRAHAM DR",
        "SITE_CITY": "CLEARWATER",
        "SITE_STATE": "FL",
        "SITE_ZIP": "33765",
        "LAND_USE_CODE": "01"
      }
    },
    {
      "type": "Feature",
      "id": 324716,
      "geometry": {
        "type": "Polygon",
        "coordinates": [
          [
            [
              -82.7557772801535,
              27.968635228347196
            ],
            [
              -82.75579410455585,
              27.968635290239643
            ],
            [
              -82.75587514580373,
              27.968635578695434
            ],
            [
              -82.75595618402075,
              27.968635869827253
            ],
            [
              -82.75603398704172,
              27.968636148006855
            ],
            [
              -82.75603327365752,
              27.968402430590846
            ],
            [
              -82.75595372666454,
              27.968402144844774
            ],
            [
              -82.7558726859379,
              27.968401906060937
            ],
            [
              -82.7557916502921,
              27.96840166720145
            ],
            [
              -82.75577640743423,
              27.96840161105918
            ],
            [
              -82.7557772801535,
              27.968635228347196
            ]
          ]
        ]
      },
      "properties": {
        "OBJECTID": 324716,
        "PARCELID": "122915557820250300",
        "STRAP": "152912557820250300",
        "SITE_ADDRESS": "1950 DREW PLZ",
        "SITE_CITY": "CLEARWATER",
        "SITE_STATE": "FL",
        "SITE_ZIP": "33765",
        "LAND_USE_CODE": "01"
      }
    },
    {
      "type": "Feature",
      "id": 721250,
      "geometry": {
        "type": "Polygon",
        "coordinates": [
          [
            [
              -82.75505471450718,
              27.97062631531842
            ],
            [
              -82.75516097133085,
              27.970626679656842
            ],
            [
              -82.75516078514173,
              27.970562280425806
            ],
            [
              -82.75516038555547,
              27.970424756985366
            ],
            [
              -82.75515989904918,
              27.970257087260222
            ],
            [
              -82.7551598958798,
              27.970255756265022
            ],
            [
              -82.75497270202064,
              27.97025544984298
            ],
            [
              -82.75497270502564,
              27.970257633589622
            ],
            [
              -82.7549731453712,
              27.97042265598562
            ],
            [
              -82.75497350507604,
              27.970560178746442
            ],
            [
              -82.75497367998295,
              27.97062633136834
            ],
            [
              -82.75505471450718,
              27.97062631531842
            ]
          ]
        ]
      },
      "properties": {
        "OBJECTID": 721250,
        "PARCELID": "122915557820210100",
        "STRAP": "152912557820210100",
        "SITE_ADDRESS": "1966 MCKINLEY ST",
        "SITE_CITY": "CLEARWATER",
        "SITE_STATE": "FL",
        "SITE_ZIP": "33765",
        "LAND_USE_CODE": "01"
      }
    },
    {
      "type": "Feature",
      "id": 723317,
      "geometry": {
        "type": "Polygon",
        "coordinates": [
          [
            [
              -82.7555995220848,
              27.96928006018443
            ],
            [
              -82.75569904691979,
              27.96959445014569
            ],
            [
              -82.75569991556137,
              27.96959425226512
            ],
            [
              -82.75612021298967,
              27.969499251463954
            ],
            [
              -82.75605180761681,
              27.96928082783825
            ],
            [
              -82.7555995220848,
              27.96928006018443
            ]
          ]
        ]
      },
      "properties": {
        "OBJECTID": 723317,
        "PARCELID": "122915557820220040",
        "STRAP": "152912557820220040",
        "SITE_ADDRESS": "305 CINCINNATI PKWY",
        "SITE_CITY": "CLEARWATER",
        "SITE_STATE": "FL",
        "SITE_ZIP": "33765",
        "LAND_USE_CODE": "01"
      }
    },
    {
      "type": "Feature",
      "id": 726557,
      "geometry": {
        "type": "Polygon",
        "coordinates": [
          [
            [
              -82.7549534040197,
              27.96976034140297
            ],
            [
              -82.75516313248387,
              27.96976068661216
            ],
            [
              -82.75516305712509,
              27.96968505211503
            ],
            [
              -82.75516299901408,
              27.969609413010527
            ],
            [
              -82.75498859145003,
              27.969609127556748
            ],
            [
              -82.75474336376953,
              27.969608720534712
            ],
            [
              -82.75474354949745,
              27.96975999295594
            ],
            [
              -82.7549534040197,
              27.96976034140297
            ]
          ]
        ]
      },
      "properties": {
        "OBJECTID": 726557,
        "PARCELID": "122915557820220090",
        "STRAP": "152912557820220090",
        "SITE_ADDRESS": "310 N HERCULES AVE",
        "SITE_CITY": "CLEARWATER",
        "SITE_STATE": "FL",
        "SITE_ZIP": "33765",
        "LAND_USE_CODE": "01"
      }
    },
    {
      "type": "Feature",
      "id": 726888,
      "geometry": {
        "type": "Polygon",
        "coordinates": [
          [
            [
              -82.75474507158802,
              27.970997406781713
            ],
            [
              -82.75505486440093,
              27.970997923268985
            ],
            [
              -82.75505486812645,
              27.97099714449342
            ],
            [
              -82.755054800622,
              27.970836206049793
            ],
            [
              -82.75505478306673,
              27.970793537945042
            ],
            [
              -82.75474594016941,
              27.97079156430679
            ],
            [
              -82.75474481903959,
              27.970791556921156
            ],
            [
              -82.75474486839815,
              27.97083297054303
            ],
            [
              -82.75474507158802,
              27.970997406781713
            ]
          ]
        ]
      },
      "properties": {
        "OBJECTID": 726888,
        "PARCELID": "122915557820210141",
        "STRAP": "152912557820210141",
        "SITE_ADDRESS": "1971 GILBERT ST",
        "SITE_CITY": "CLEARWATER",
        "SITE_STATE": "FL",
        "SITE_ZIP": "33765",
        "LAND_USE_CODE": "01"
      }
    },
    {
      "type": "Feature",
      "id": 727021,
      "geometry": {
        "type": "Polygon",
        "coordinates": [
          [
            [
              -82.75363775393315,
              27.970910971739272
            ],
            [
              -82.75363987930248,
              27.970910985364043
            ],
            [
              -82.75403755860773,
              27.970913305736243
            ],
            [
              -82.75403678878536,
              27.970712534583917
            ],
            [
              -82.75363848305892,
              27.970710207704162
            ],
            [
              -82.75363702958299,
              27.97071020212993
            ],
            [
              -82.75363775393315,
              27.970910971739272
            ]
          ]
        ]
      },
      "properties": {
        "OBJECTID": 727021,
        "PARCELID": "122915826380010090",
        "STRAP": "152912826380010090",
        "SITE_ADDRESS": "408 PATRICIA AVE",
        "SITE_CITY": "CLEARWATER",
        "SITE_STATE": "FL",
        "SITE_ZIP": "33765",
        "LAND_USE_CODE": "01"
      }
    },
    {
      "type": "Feature",
      "id": 727728,
      "geometry": {
        "type": "Polygon",
        "coordinates": [
          [
            [
              -82.75306048775428,
              27.96887330873708
            ],
            [
              -82.75344772345959,
              27.968873722691363
            ],
            [
              -82.75344743840175,
              27.968680819381603
            ],
            [
              -82.75344724734234,
              27.96865331582924
            ],
            [
              -82.75305994566426,
              27.968653094430973
            ],
            [
              -82.75306001772088,
              27.96868059953893
            ],
            [
              -82.75306048775428,
              27.96887330873708
            ]
          ]
        ]
      },
      "properties": {
        "OBJECTID": 727728,
        "PARCELID": "122915826380040010",
        "STRAP": "152912826380040010",
        "SITE_ADDRESS": "2019 HARDING ST",
        "SITE_CITY": "CLEARWATER",
        "SITE_STATE": "FL",
        "SITE_ZIP": "33765",
        "LAND_USE_CODE": "01"
      }
    },
    {
      "type": "Feature",
      "id": 736559,
      "geometry": {
        "type": "Polygon",
        "coordinates": [
          [
            [
              -82.75594629343611,
              27.970626139938975
            ],
            [
              -82.75602305098944,
              27.97062612425813
            ],
            [
              -82.75600114394784,
              27.970556165701556
            ],
            [
              -82.75596529485014,
              27.970441690767455
            ],
            [
              -82.75595136627216,
              27.970397214925754
            ],
            [
              -82.7558990731225,
              27.97023023321638
            ],
            [
              -82.75578601993098,
              27.970255801511698
            ],
            [
              -82.75571751866286,
              27.97025668221107
            ],
            [
              -82.7557181297518,
              27.97062618326212
            ],
            [
              -82.75590447112812,
              27.97062614682984
            ],
            [
              -82.75594629343611,
              27.970626139938975
            ]
          ]
        ]
      },
      "properties": {
        "OBJECTID": 736559,
        "PARCELID": "122915557820210060",
        "STRAP": "152912557820210060",
        "SITE_ADDRESS": "1952 MCKINLEY ST",
        "SITE_CITY": "CLEARWATER",
        "SITE_STATE": "FL",
        "SITE_ZIP": "33765",
        "LAND_USE_CODE": "01"
      }
    },
    {
      "type": "Feature",
      "id": 738702,
      "geometry": {
        "type": "Polygon",
        "coordinates": [
          [
            [
              -82.75363738726753,
              27.968490426010884
            ],
            [
              -82.75363826437926,
              27.96849042391384
            ],
            [
              -82.7540372347827,
              27.968489533885393
            ],
            [
              -82.75403729619666,
              27.968434626323404
            ],
            [
              -82.75403698616493,
              27.968299973705946
            ],
            [
              -82.75403672375106,
              27.968105065179703
            ],
            [
              -82.75363689924556,
              27.968104822863783
            ],
            [
              -82.75363680098502,
              27.968298245348645
            ],
            [
              -82.75363731773352,
              27.968435512846806
            ],
            [
              -82.75363738726753,
              27.968490426010884
            ]
          ]
        ]
      },
      "properties": {
        "OBJECTID": 738702,
        "PARCELID": "122915826380030050",
        "STRAP": "152912826380030050",
        "SITE_ADDRESS": "2006 DREW ST",
        "SITE_CITY": "CLEARWATER",
        "SITE_STATE": "FL",
        "SITE_ZIP": "33765",
        "LAND_USE_CODE": "11"
      }
    },
    {
      "type": "Feature",
      "id": 739436,
      "geometry": {
        "type": "Polygon",
        "coordinates": [
          [
            [
              -82.75495368294821,
              27.970090390419763
            ],
            [
              -82.75516341205068,
              27.970090735616033
            ],
            [
              -82.75516326921806,
              27.96992571158397
            ],
            [
              -82.75516313248387,
              27.96976068661216
            ],
            [
              -82.7549534040197,
              27.96976034140297
            ],
            [
              -82.75495340530566,
              27.969761840251607
            ],
            [
              -82.75495354447499,
              27.969925362749546
            ],
            [
              -82.75495368294821,
              27.970090390419763
            ]
          ]
        ]
      },
      "properties": {
        "OBJECTID": 739436,
        "PARCELID": "122915557820220100",
        "STRAP": "152912557820220100",
        "SITE_ADDRESS": "1967 MCKINLEY ST",
        "SITE_CITY": "CLEARWATER",
        "SITE_STATE": "FL",
        "SITE_ZIP": "33765",
        "LAND_USE_CODE": "01"
      }
    },
    {
      "type": "Feature",
      "id": 739986,
      "geometry": {
        "type": "Polygon",
        "coordinates": [
          [
            [
              -82.75183926045013,
              27.97049977268049
            ],
            [
              -82.75184013767226,
              27.970499784129814
            ],
            [
              -82.7521799166736,
              27.97050235228084
            ],
            [
              -82.75217949713505,
              27.97027215878982
            ],
            [
              -82.75183879986007,
              27.97027132370661
            ],
            [
              -82.75183926045013,
              27.97049977268049
            ]
          ]
        ]
      },
      "properties": {
        "OBJECTID": 739986,
        "PARCELID": "122915826560100070",
        "STRAP": "152912826560100070",
        "SITE_ADDRESS": "2050 MCKINLEY ST",
        "SITE_CITY": "CLEARWATER",
        "SITE_STATE": "FL",
        "SITE_ZIP": "33765",
        "LAND_USE_CODE": "01"
      }
    },
    {
      "type": "Feature",
      "id": 741513,
      "geometry": {
        "type": "Polygon",
        "coordinates": [
          [
            [
              -82.7536364578201,
              27.969876266588418
            ],
            [
              -82.75363746505376,
              27.969876266485652
            ],
            [
              -82.75403653100334,
              27.969876690634447
            ],
            [
              -82.75403634711424,
              27.969677298689838
            ],
            [
              -82.75363753670018,
              27.96967492849797
            ],
            [
              -82.75363662902593,
              27.9696749217387
            ],
            [
              -82.7536364578201,
              27.969876266588418
            ]
          ]
        ]
      },
      "properties": {
        "OBJECTID": 741513,
        "PARCELID": "122915826380020090",
        "STRAP": "152912826380020090",
        "SITE_ADDRESS": "314 PATRICIA AVE",
        "SITE_CITY": "CLEARWATER",
        "SITE_STATE": "FL",
        "SITE_ZIP": "33765",
        "LAND_USE_CODE": "01"
      }
    },
    {
      "type": "Feature",
      "id": 748090,
      "geometry": {
        "type": "Polygon",
        "coordinates": [
          [
            [
              -82.75363630927251,
              27.970509427078397
            ],
            [
              -82.75363718542184,
              27.970509430400686
            ],
            [
              -82.75403601691723,
              27.970511759827488
            ],
            [
              -82.75403512925024,
              27.970280732455542
            ],
            [
              -82.75363548038891,
              27.97027839936982
            ],
            [
              -82.75363630927251,
              27.970509427078397
            ]
          ]
        ]
      },
      "properties": {
        "OBJECTID": 748090,
        "PARCELID": "122915826380010070",
        "STRAP": "152912826380010070",
        "SITE_ADDRESS": "2010 MCKINLEY ST",
        "SITE_CITY": "CLEARWATER",
        "SITE_STATE": "FL",
        "SITE_ZIP": "33765",
        "LAND_USE_CODE": "01"
      }
    },
    {
      "type": "Feature",
      "id": 752323,
      "geometry": {
        "type": "Polygon",
        "coordinates": [
          [
            [
              -82.75403755860773,
              27.970913305736243
            ],
            [
              -82.7544363793723,
              27.97091563403992
            ],
            [
              -82.7544358832199,
              27.97071486049725
            ],
            [
              -82.75403678878536,
              27.970712534583917
            ],
            [
              -82.75403755860773,
              27.970913305736243
            ]
          ]
        ]
      },
      "properties": {
        "OBJECTID": 752323,
        "PARCELID": "122915826380010040",
        "STRAP": "152912826380010040",
        "SITE_ADDRESS": "409 N HERCULES AVE",
        "SITE_CITY": "CLEARWATER",
        "SITE_STATE": "FL",
        "SITE_ZIP": "33765",
        "LAND_USE_CODE": "01"
      }
    },
    {
      "type": "Feature",
      "id": 752903,
      "geometry": {
        "type": "Polygon",
        "coordinates": [
          [
            [
              -82.75556613939364,
              27.970091403227606
            ],
            [
              -82.75572103294965,
              27.970091658863
            ],
            [
              -82.75584928221119,
              27.97007123463852
            ],
            [
              -82.75579949249274,
              27.96991223963996
            ],
            [
              -82.7557492259745,
              27.969753351912885
            ],
            [
              -82.75572791426914,
              27.96968563695888
            ],
            [
              -82.75556578090362,
              27.969685716158946
            ],
            [
              -82.75556613939364,
              27.970091403227606
            ]
          ]
        ]
      },
      "properties": {
        "OBJECTID": 752903,
        "PARCELID": "122915557820220140",
        "STRAP": "152912557820220140",
        "SITE_ADDRESS": "1955 MCKINLEY ST",
        "SITE_CITY": "CLEARWATER",
        "SITE_STATE": "FL",
        "SITE_ZIP": "33765",
        "LAND_USE_CODE": "01"
      }
    },
    {
      "type": "Feature",
      "id": 759515,
      "geometry": {
        "type": "Polygon",
        "coordinates": [
          [
            [
              -82.75270403034088,
              27.969672298810064
            ],
            [
              -82.75306055450575,
              27.969673969192378
            ],
            [
              -82.75305927830014,
              27.969473188111714
            ],
            [
              -82.75270263590868,
              27.96947152197307
            ],
            [
              -82.75270403034088,
              27.969672298810064
            ]
          ]
        ]
      },
      "properties": {
        "OBJECTID": 759515,
        "PARCELID": "122915826560080030",
        "STRAP": "152912826560080030",
        "SITE_ADDRESS": "310 KERRY DR",
        "SITE_CITY": "CLEARWATER",
        "SITE_STATE": "FL",
        "SITE_ZIP": "33765",
        "LAND_USE_CODE": "01"
      }
    },
    {
      "type": "Feature",
      "id": 767775,
      "geometry": {
        "type": "Polygon",
        "coordinates": [
          [
            [
              -82.75403634711424,
              27.969677298689838
            ],
            [
              -82.75443650026058,
              27.969679682922283
            ],
            [
              -82.7544367105349,
              27.969479637302122
            ],
            [
              -82.7540364941727,
              27.96947726423486
            ],
            [
              -82.75403634711424,
              27.969677298689838
            ]
          ]
        ]
      },
      "properties": {
        "OBJECTID": 767775,
        "PARCELID": "122915826380020030",
        "STRAP": "152912826380020030",
        "SITE_ADDRESS": "309 N HERCULES AVE",
        "SITE_CITY": "CLEARWATER",
        "SITE_STATE": "FL",
        "SITE_ZIP": "33765",
        "LAND_USE_CODE": "01"
      }
    },
    {
      "type": "Feature",
      "id": 777739,
      "geometry": {
        "type": "Polygon",
        "coordinates": [
          [
            [
              -82.75217833158659,
              27.969506028546732
            ],
            [
              -82.75251842615981,
              27.969506334616216
            ],
            [
              -82.75251952589598,
              27.969506336722922
            ],
            [
              -82.75251924451527,
              27.969308309661148
            ],
            [
              -82.75251705115753,
              27.96930830721905
            ],
            [
              -82.752178190086,
              27.969308003418
            ],
            [
              -82.75217822410673,
              27.96932140901762
            ],
            [
              -82.75217833158659,
              27.969506028546732
            ]
          ]
        ]
      },
      "properties": {
        "OBJECTID": 777739,
        "PARCELID": "122915826560110040",
        "STRAP": "152912826560110040",
        "SITE_ADDRESS": "305 KERRY DR",
        "SITE_CITY": "CLEARWATER",
        "SITE_STATE": "FL",
        "SITE_ZIP": "33765",
        "LAND_USE_CODE": "01"
      }
    },
    {
      "type": "Feature",
      "id": 787668,
      "geometry": {
        "type": "Polygon",
        "coordinates": [
          [
            [
              -82.75572791426914,
              27.96968563695888
            ],
            [
              -82.7557492259745,
              27.969753351912885
            ],
            [
              -82.75575007333693,
              27.969753163172705
            ],
            [
              -82.75594626511891,
              27.96970881620433
            ],
            [
              -82.75617000294565,
              27.969658242741023
            ],
            [
              -82.75612021298967,
              27.969499251463954
            ],
            [
              -82.75569991556137,
              27.96959425226512
            ],
            [
              -82.75569904691979,
              27.96959445014569
            ],
            [
              -82.75572791426914,
              27.96968563695888
            ]
          ]
        ]
      },
      "properties": {
        "OBJECTID": 787668,
        "PARCELID": "122915557820220030",
        "STRAP": "152912557820220030",
        "SITE_ADDRESS": "311 CINCINNATI PKWY",
        "SITE_CITY": "CLEARWATER",
        "SITE_STATE": "FL",
        "SITE_ZIP": "33765",
        "LAND_USE_CODE": "01"
      }
    },
    {
      "type": "Feature",
      "id": 790162,
      "geometry": {
        "type": "Polygon",
        "coordinates": [
          [
            [
              -82.75202880932886,
              27.968552682526536
            ],
            [
              -82.75217676478276,
              27.96872979463726
            ],
            [
              -82.75251719613573,
              27.968699008235337
            ],
            [
              -82.75251806560287,
              27.968698929484763
            ],
            [
              -82.75251777689907,
              27.968617473044834
            ],
            [
              -82.7525145090585,
              27.968562215510005
            ],
            [
              -82.7525046381262,
              27.96850758063559
            ],
            [
              -82.75248827614377,
              27.968454187743767
            ],
            [
              -82.75246560925616,
              27.96840264311716
            ],
            [
              -82.75243689461223,
              27.968353532797114
            ],
            [
              -82.7524024572526,
              27.968307413576806
            ],
            [
              -82.75202880932886,
              27.968552682526536
            ]
          ]
        ]
      },
      "properties": {
        "OBJECTID": 790162,
        "PARCELID": "122915826560110080",
        "STRAP": "152912826560110080",
        "SITE_ADDRESS": "2040 NE COACHMAN RD",
        "SITE_CITY": "CLEARWATER",
        "SITE_STATE": "FL",
        "SITE_ZIP": "33765",
        "LAND_USE_CODE": "17"
      }
    },
    {
      "type": "Feature",
      "id": 791825,
      "geometry": {
        "type": "Polygon",
        "coordinates": [
          [
            [
              -82.75403678878536,
              27.970712534583917
            ],
            [
              -82.7544358832199,
              27.97071486049725
            ],
            [
              -82.75443538810119,
              27.970514087845526
            ],
            [
              -82.75403601691723,
              27.970511759827488
            ],
            [
              -82.75403678878536,
              27.970712534583917
            ]
          ]
        ]
      },
      "properties": {
        "OBJECTID": 791825,
        "PARCELID": "122915826380010050",
        "STRAP": "152912826380010050",
        "SITE_ADDRESS": "405 N HERCULES AVE",
        "SITE_CITY": "CLEARWATER",
        "SITE_STATE": "FL",
        "SITE_ZIP": "33765",
        "LAND_USE_CODE": "01"
      }
    },
    {
      "type": "Feature",
      "id": 796335,
      "geometry": {
        "type": "Polygon",
        "coordinates": [
          [
            [
              -82.75474527277473,
              27.97116243047776
            ],
            [
              -82.75474591842782,
              27.97168501221042
            ],
            [
              -82.75590759052683,
              27.971674470189292
            ],
            [
              -82.75658910240675,
              27.971668282309096
            ],
            [
              -82.75859960616422,
              27.971650006079656
            ],
            [
              -82.75859702294488,
              27.970899143758913
            ],
            [
              -82.75803443791972,
              27.970897469093817
            ],
            [
              -82.7573076909023,
              27.97103281729634
            ],
            [
              -82.75688733968492,
              27.971127644300893
            ],
            [
              -82.75665687075315,
              27.971158708596302
            ],
            [
              -82.75474527277473,
              27.97116243047776
            ]
          ]
        ]
      },
      "properties": {
        "OBJECTID": 796335,
        "PARCELID": "122915558360010007",
        "STRAP": "152912558360010007",
        "SITE_ADDRESS": "1900 GILBERT ST",
        "SITE_CITY": "CLEARWATER",
        "SITE_STATE": "FL",
        "SITE_ZIP": "33765",
        "LAND_USE_CODE": "89"
      }
    },
    {
      "type": "Feature",
      "id": 796985,
      "geometry": {
        "type": "Polygon",
        "coordinates": [
          [
            [
              -82.75403745655562,
              27.968656226047916
            ],
            [
              -82.75443741898737,
              27.9686573047274
            ],
            [
              -82.75443771856662,
              27.968488648840044
            ],
            [
              -82.75443733663937,
              27.968433741004457
            ],
            [
              -82.75403729619666,
              27.968434626323404
            ],
            [
              -82.7540372347827,
              27.968489533885393
            ],
            [
              -82.75403745655562,
              27.968656226047916
            ]
          ]
        ]
      },
      "properties": {
        "OBJECTID": 796985,
        "PARCELID": "122915826380030020",
        "STRAP": "152912826380030020",
        "SITE_ADDRESS": "209 N HERCULES AVE",
        "SITE_CITY": "CLEARWATER",
        "SITE_STATE": "FL",
        "SITE_ZIP": "33765",
        "LAND_USE_CODE": "08"
      }
    },
    {
      "type": "Feature",
      "id": 800900,
      "geometry": {
        "type": "Polygon",
        "coordinates": [
          [
            [
              -82.75267481048265,
              27.96843151572488
            ],
            [
              -82.75267633810151,
              27.968431518196976
            ],
            [
              -82.75286477686727,
              27.96843181105043
            ],
            [
              -82.75293739310345,
              27.968431923546852
            ],
            [
              -82.75293551112696,
              27.96810342620669
            ],
            [
              -82.75291525065433,
              27.96810353707285
            ],
            [
              -82.75286346296976,
              27.968105322007354
            ],
            [
              -82.75281203480293,
              27.968111021293197
            ],
            [
              -82.75275629839679,
              27.968121719863856
            ],
            [
              -82.75270194579937,
              27.968137037354555
            ],
            [
              -82.75264946186337,
              27.968156834855176
            ],
            [
              -82.75259931391449,
              27.968180937456793
            ],
            [
              -82.7525519486777,
              27.96820913065891
            ],
            [
              -82.75259109153393,
              27.968260771046864
            ],
            [
              -82.75262479389286,
              27.968315352266078
            ],
            [
              -82.75265277718694,
              27.968372423750935
            ],
            [
              -82.75267481048265,
              27.96843151572488
            ]
          ]
        ]
      },
      "properties": {
        "OBJECTID": 800900,
        "PARCELID": "122915826560090040",
        "STRAP": "152912826560090040",
        "SITE_ADDRESS": "2030 DREW ST",
        "SITE_CITY": "CLEARWATER",
        "SITE_STATE": "FL",
        "SITE_ZIP": "33765",
        "LAND_USE_CODE": "17"
      }
    },
    {
      "type": "Feature",
      "id": 807620,
      "geometry": {
        "type": "Polygon",
        "coordinates": [
          [
            [
              -82.75363702958299,
              27.97071020212993
            ],
            [
              -82.75363848305892,
              27.970710207704162
            ],
            [
              -82.75403678878536,
              27.970712534583917
            ],
            [
              -82.75403601691723,
              27.970511759827488
            ],
            [
              -82.75363718542184,
              27.970509430400686
            ],
            [
              -82.75363630927251,
              27.970509427078397
            ],
            [
              -82.75363702958299,
              27.97071020212993
            ]
          ]
        ]
      },
      "properties": {
        "OBJECTID": 807620,
        "PARCELID": "122915826380010080",
        "STRAP": "152912826380010080",
        "SITE_ADDRESS": "404 PATRICIA AVE",
        "SITE_CITY": "CLEARWATER",
        "SITE_STATE": "FL",
        "SITE_ZIP": "33765",
        "LAND_USE_CODE": "01"
      }
    },
    {
      "type": "Feature",
      "id": 808548,
      "geometry": {
        "type": "Polygon",
        "coordinates": [
          [
            [
              -82.75305927830014,
              27.969473188111714
            ],
            [
              -82.75344614979313,
              27.969474999115906
            ],
            [
              -82.7534451653083,
              27.96927417583845
            ],
            [
              -82.75305800707737,
              27.96927239075505
            ],
            [
              -82.75305927830014,
              27.969473188111714
            ]
          ]
        ]
      },
      "properties": {
        "OBJECTID": 808548,
        "PARCELID": "122915826380050040",
        "STRAP": "152912826380050040",
        "SITE_ADDRESS": "305 PATRICIA AVE",
        "SITE_CITY": "CLEARWATER",
        "SITE_STATE": "FL",
        "SITE_ZIP": "33765",
        "LAND_USE_CODE": "01"
      }
    },
    {
      "type": "Feature",
      "id": 808789,
      "geometry": {
        "type": "Polygon",
        "coordinates": [
          [
            [
              -82.75474715979055,
              27.96915417822173
            ],
            [
              -82.75604272783096,
              27.969158717839385
            ],
            [
              -82.75604157066834,
              27.96904870494499
            ],
            [
              -82.75474842350043,
              27.969044688033094
            ],
            [
              -82.75474715979055,
              27.96915417822173
            ]
          ]
        ]
      },
      "properties": {
        "OBJECTID": 808789,
        "PARCELID": "122915557820000002",
        "STRAP": "152912557820000002",
        "SITE_ADDRESS": "1955 HARDING PLZ",
        "SITE_CITY": null,
        "SITE_STATE": null,
        "SITE_ZIP": null,
        "LAND_USE_CODE": "80"
      }
    },
    {
      "type": "Feature",
      "id": 809166,
      "geometry": {
        "type": "Polygon",
        "coordinates": [
          [
            [
              -82.75218139079998,
              27.97130664335
            ],
            [
              -82.75252223542374,
              27.971308032600106
            ],
            [
              -82.75252183926672,
              27.971105049434914
            ],
            [
              -82.75218101740168,
              27.97110333248586
            ],
            [
              -82.75218139079998,
              27.97130664335
            ]
          ]
        ]
      },
      "properties": {
        "OBJECTID": 809166,
        "PARCELID": "122915826560100020",
        "STRAP": "152912826560100020",
        "SITE_ADDRESS": "417 KERRY AVE",
        "SITE_CITY": "CLEARWATER",
        "SITE_STATE": "FL",
        "SITE_ZIP": "33765",
        "LAND_USE_CODE": "01"
      }
    },
    {
      "type": "Feature",
      "id": 813773,
      "geometry": {
        "type": "Polygon",
        "coordinates": [
          [
            [
              -82.75403601691723,
              27.970511759827488
            ],
            [
              -82.75443538810119,
              27.970514087845526
            ],
            [
              -82.75443481773752,
              27.970283064162615
            ],
            [
              -82.75403512925024,
              27.970280732455542
            ],
            [
              -82.75403601691723,
              27.970511759827488
            ]
          ]
        ]
      },
      "properties": {
        "OBJECTID": 813773,
        "PARCELID": "122915826380010060",
        "STRAP": "152912826380010060",
        "SITE_ADDRESS": "2000 MCKINLEY ST",
        "SITE_CITY": "CLEARWATER",
        "SITE_STATE": "FL",
        "SITE_ZIP": "33765",
        "LAND_USE_CODE": "01"
      }
    },
    {
      "type": "Feature",
      "id": 826507,
      "geometry": {
        "type": "Polygon",
        "coordinates": [
          [
            [
              -82.75516341205068,
              27.970090735616033
            ],
            [
              -82.75538026202861,
              27.97009109463859
            ],
            [
              -82.7553799083182,
              27.969685410240523
            ],
            [
              -82.75516305712509,
              27.96968505211503
            ],
            [
              -82.75516313248387,
              27.96976068661216
            ],
            [
              -82.75516326921806,
              27.96992571158397
            ],
            [
              -82.75516341205068,
              27.970090735616033
            ]
          ]
        ]
      },
      "properties": {
        "OBJECTID": 826507,
        "PARCELID": "122915557820220120",
        "STRAP": "152912557820220120",
        "SITE_ADDRESS": "1963 MCKINLEY ST",
        "SITE_CITY": "CLEARWATER",
        "SITE_STATE": "FL",
        "SITE_ZIP": "33765",
        "LAND_USE_CODE": "01"
      }
    },
    {
      "type": "Feature",
      "id": 826942,
      "geometry": {
        "type": "Polygon",
        "coordinates": [
          [
            [
              -82.7518409280849,
              27.971536566784586
            ],
            [
              -82.75218181005695,
              27.97153825264519
            ],
            [
              -82.75218139079998,
              27.97130664335
            ],
            [
              -82.7518421246665,
              27.97130525906754
            ],
            [
              -82.7518406833785,
              27.971305253407845
            ],
            [
              -82.7518409280849,
              27.971536566784586
            ]
          ]
        ]
      },
      "properties": {
        "OBJECTID": 826942,
        "PARCELID": "122915826560100120",
        "STRAP": "152912826560100120",
        "SITE_ADDRESS": "420 GRAHAM DR",
        "SITE_CITY": "CLEARWATER",
        "SITE_STATE": "FL",
        "SITE_ZIP": "33765",
        "LAND_USE_CODE": "01"
      }
    },
    {
      "type": "Feature",
      "id": 836377,
      "geometry": {
        "type": "Polygon",
        "coordinates": [
          [
            [
              -82.75524399425518,
              27.970626275386454
            ],
            [
              -82.75534684452377,
              27.970626256720884
            ],
            [
              -82.75534577048477,
              27.970256065162978
            ],
            [
              -82.7551598958798,
              27.970255756265022
            ],
            [
              -82.75515989904918,
              27.970257087260222
            ],
            [
              -82.75516038555547,
              27.970424756985366
            ],
            [
              -82.75516078514173,
              27.970562280425806
            ],
            [
              -82.75516097133085,
              27.970626679656842
            ],
            [
              -82.75524399425518,
              27.970626275386454
            ]
          ]
        ]
      },
      "properties": {
        "OBJECTID": 836377,
        "PARCELID": "122915557820210090",
        "STRAP": "152912557820210090",
        "SITE_ADDRESS": "1964 MCKINLEY ST",
        "SITE_CITY": "CLEARWATER",
        "SITE_STATE": "FL",
        "SITE_ZIP": "33765",
        "LAND_USE_CODE": "01"
      }
    },
    {
      "type": "Feature",
      "id": 841432,
      "geometry": {
        "type": "Polygon",
        "coordinates": [
          [
            [
              -82.7558990731225,
              27.97023023321638
            ],
            [
              -82.75595136627216,
              27.970397214925754
            ],
            [
              -82.75596529485014,
              27.970441690767455
            ],
            [
              -82.75638559426282,
              27.97034668730828
            ],
            [
              -82.75637165609639,
              27.970302170956323
            ],
            [
              -82.75631937479457,
              27.97013522454068
            ],
            [
              -82.7558990731225,
              27.97023023321638
            ]
          ]
        ]
      },
      "properties": {
        "OBJECTID": 841432,
        "PARCELID": "122915557820210050",
        "STRAP": "152912557820210050",
        "SITE_ADDRESS": "1944 MCKINLEY ST",
        "SITE_CITY": "CLEARWATER",
        "SITE_STATE": "FL",
        "SITE_ZIP": "33765",
        "LAND_USE_CODE": "01"
      }
    },
    {
      "type": "Feature",
      "id": 842318,
      "geometry": {
        "type": "Polygon",
        "coordinates": [
          [
            [
              -82.75306055450575,
              27.969673969192378
            ],
            [
              -82.75344754560186,
              27.969675775918393
            ],
            [
              -82.75344614979313,
              27.969474999115906
            ],
            [
              -82.75305927830014,
              27.969473188111714
            ],
            [
              -82.75306055450575,
              27.969673969192378
            ]
          ]
        ]
      },
      "properties": {
        "OBJECTID": 842318,
        "PARCELID": "122915826380050030",
        "STRAP": "152912826380050030",
        "SITE_ADDRESS": "311 PATRICIA AVE",
        "SITE_CITY": "CLEARWATER",
        "SITE_STATE": "FL",
        "SITE_ZIP": "33765",
        "LAND_USE_CODE": "01"
      }
    },
    {
      "type": "Feature",
      "id": 842321,
      "geometry": {
        "type": "Polygon",
        "coordinates": [
          [
            [
              -82.75184006623434,
              27.970901313726237
            ],
            [
              -82.75184279337262,
              27.970901336723752
            ],
            [
              -82.75218065256843,
              27.970903892786485
            ],
            [
              -82.75218028460635,
              27.97070312118306
            ],
            [
              -82.75184140046265,
              27.97070055988284
            ],
            [
              -82.75183966234557,
              27.970700546821227
            ],
            [
              -82.75184006623434,
              27.970901313726237
            ]
          ]
        ]
      },
      "properties": {
        "OBJECTID": 842321,
        "PARCELID": "122915826560100090",
        "STRAP": "152912826560100090",
        "SITE_ADDRESS": "408 GRAHAM DR",
        "SITE_CITY": "CLEARWATER",
        "SITE_STATE": "FL",
        "SITE_ZIP": "33765",
        "LAND_USE_CODE": "01"
      }
    },
    {
      "type": "Feature",
      "id": 846820,
      "geometry": {
        "type": "Polygon",
        "coordinates": [
          [
            [
              -82.75270746427525,
              27.970907213772897
            ],
            [
              -82.75306357373788,
              27.970908882749384
            ],
            [
              -82.75306317262782,
              27.970708110450428
            ],
            [
              -82.75270676296584,
              27.97070644039881
            ],
            [
              -82.75270746427525,
              27.970907213772897
            ]
          ]
        ]
      },
      "properties": {
        "OBJECTID": 846820,
        "PARCELID": "122915826560070040",
        "STRAP": "152912826560070040",
        "SITE_ADDRESS": "408 KERRY DR",
        "SITE_CITY": "CLEARWATER",
        "SITE_STATE": "FL",
        "SITE_ZIP": "33765",
        "LAND_USE_CODE": "01"
      }
    },
    {
      "type": "Feature",
      "id": 849530,
      "geometry": {
        "type": "Polygon",
        "coordinates": [
          [
            [
              -82.75577815603863,
              27.968868860048033
            ],
            [
              -82.75579656604967,
              27.96886921823508
            ],
            [
              -82.75587760712648,
              27.968869457056904
            ],
            [
              -82.7559586471861,
              27.968869695836535
            ],
            [
              -82.75603469917985,
              27.96886983022897
            ],
            [
              -82.75603398704172,
              27.968636148006855
            ],
            [
              -82.75595618402075,
              27.968635869827253
            ],
            [
              -82.75587514580373,
              27.968635578695434
            ],
            [
              -82.75579410455585,
              27.968635290239643
            ],
            [
              -82.7557772801535,
              27.968635228347196
            ],
            [
              -82.75577815048594,
              27.968867625620582
            ],
            [
              -82.75577815603863,
              27.968868860048033
            ]
          ]
        ]
      },
      "properties": {
        "OBJECTID": 849530,
        "PARCELID": "122915557820250010",
        "STRAP": "152912557820250010",
        "SITE_ADDRESS": "209 CINCINNATI PKWY",
        "SITE_CITY": "CLEARWATER",
        "SITE_STATE": "FL",
        "SITE_ZIP": "33765",
        "LAND_USE_CODE": "01"
      }
    },
    {
      "type": "Feature",
      "id": 850732,
      "geometry": {
        "type": "Polygon",
        "coordinates": [
          [
            [
              -82.75403729619666,
              27.968434626323404
            ],
            [
              -82.75443733663937,
              27.968433741004457
            ],
            [
              -82.75443701276902,
              27.96830169996358
            ],
            [
              -82.75443652478589,
              27.968105588907733
            ],
            [
              -82.75403672375106,
              27.968105065179703
            ],
            [
              -82.75403698616493,
              27.968299973705946
            ],
            [
              -82.75403729619666,
              27.968434626323404
            ]
          ]
        ]
      },
      "properties": {
        "OBJECTID": 850732,
        "PARCELID": "122915826380030040",
        "STRAP": "152912826380030040",
        "SITE_ADDRESS": "2000 DREW ST",
        "SITE_CITY": "CLEARWATER",
        "SITE_STATE": "FL",
        "SITE_ZIP": "33765",
        "LAND_USE_CODE": "11"
      }
    },
    {
      "type": "Feature",
      "id": 854011,
      "geometry": {
        "type": "Polygon",
        "coordinates": [
          [
            [
              -82.75556578090362,
              27.969685716158946
            ],
            [
              -82.75572791426914,
              27.96968563695888
            ],
            [
              -82.75569904691979,
              27.96959445014569
            ],
            [
              -82.7555995220848,
              27.96928006018443
            ],
            [
              -82.75537957084663,
              27.969279716705966
            ],
            [
              -82.75548569496351,
              27.96948825734609
            ],
            [
              -82.7555003193967,
              27.96949654121912
            ],
            [
              -82.75550846861876,
              27.96968562119273
            ],
            [
              -82.75556578090362,
              27.969685716158946
            ]
          ]
        ]
      },
      "properties": {
        "OBJECTID": 854011,
        "PARCELID": "122915557820220050",
        "STRAP": "152912557820220050",
        "SITE_ADDRESS": "1956 HARDING PLZ",
        "SITE_CITY": "CLEARWATER",
        "SITE_STATE": "FL",
        "SITE_ZIP": "33765",
        "LAND_USE_CODE": "01"
      }
    },
    {
      "type": "Feature",
      "id": 855567,
      "geometry": {
        "type": "Polygon",
        "coordinates": [
          [
            [
              -82.75217733880218,
              27.968911490621174
            ],
            [
              -82.7521782179878,
              27.968911493936375
            ],
            [
              -82.75251883653792,
              27.968912147290773
            ],
            [
              -82.75251806560287,
              27.968698929484763
            ],
            [
              -82.75251719613573,
              27.968699008235337
            ],
            [
              -82.75217676478276,
              27.96872979463726
            ],
            [
              -82.75217723500991,
              27.968856075009818
            ],
            [
              -82.75217733880218,
              27.968911490621174
            ]
          ]
        ]
      },
      "properties": {
        "OBJECTID": 855567,
        "PARCELID": "122915826560110070",
        "STRAP": "152912826560110070",
        "SITE_ADDRESS": "211 KERRY DR",
        "SITE_CITY": "CLEARWATER",
        "SITE_STATE": "FL",
        "SITE_ZIP": "33765",
        "LAND_USE_CODE": "01"
      }
    },
    {
      "type": "Feature",
      "id": 861801,
      "geometry": {
        "type": "Polygon",
        "coordinates": [
          [
            [
              -82.7530618255997,
              27.96987474397852
            ],
            [
              -82.75344894143123,
              27.969876553617315
            ],
            [
              -82.75344754560186,
              27.969675775918393
            ],
            [
              -82.75306055450575,
              27.969673969192378
            ],
            [
              -82.7530618255997,
              27.96987474397852
            ]
          ]
        ]
      },
      "properties": {
        "OBJECTID": 861801,
        "PARCELID": "122915826380050020",
        "STRAP": "152912826380050020",
        "SITE_ADDRESS": "315 PATRICIA AVE",
        "SITE_CITY": "CLEARWATER",
        "SITE_STATE": "FL",
        "SITE_ZIP": "33765",
        "LAND_USE_CODE": "01"
      }
    },
    {
      "type": "Feature",
      "id": 863496,
      "geometry": {
        "type": "Polygon",
        "coordinates": [
          [
            [
              -82.75594629343611,
              27.970626139938975
            ],
            [
              -82.7559462940105,
              27.970628117955627
            ],
            [
              -82.75594644770445,
              27.97099749966668
            ],
            [
              -82.7559464489857,
              27.970998995807772
            ],
            [
              -82.75612977237901,
              27.970997511078405
            ],
            [
              -82.7561907056899,
              27.970997015569402
            ],
            [
              -82.75615382168586,
              27.970862151666022
            ],
            [
              -82.75614758146061,
              27.970839324132484
            ],
            [
              -82.75610997883254,
              27.970701814770813
            ],
            [
              -82.75609646493079,
              27.970652394325647
            ],
            [
              -82.75603558351388,
              27.97066613826708
            ],
            [
              -82.75602305098944,
              27.97062612425813
            ],
            [
              -82.75594629343611,
              27.970626139938975
            ]
          ]
        ]
      },
      "properties": {
        "OBJECTID": 863496,
        "PARCELID": "122915557820210190",
        "STRAP": "152912557820210190",
        "SITE_ADDRESS": "1947 GILBERT ST",
        "SITE_CITY": "CLEARWATER",
        "SITE_STATE": "FL",
        "SITE_ZIP": "33765",
        "LAND_USE_CODE": "01"
      }
    },
    {
      "type": "Feature",
      "id": 863527,
      "geometry": {
        "type": "Polygon",
        "coordinates": [
          [
            [
              -82.75218101740168,
              27.97110333248586
            ],
            [
              -82.75252183926672,
              27.971105049434914
            ],
            [
              -82.75252144824779,
              27.970906467151075
            ],
            [
              -82.75218065256843,
              27.970903892786485
            ],
            [
              -82.75218101740168,
              27.97110333248586
            ]
          ]
        ]
      },
      "properties": {
        "OBJECTID": 863527,
        "PARCELID": "122915826560100030",
        "STRAP": "152912826560100030",
        "SITE_ADDRESS": "413 KERRY DR",
        "SITE_CITY": "CLEARWATER",
        "SITE_STATE": "FL",
        "SITE_ZIP": "33765",
        "LAND_USE_CODE": "01"
      }
    },
    {
      "type": "Feature",
      "id": 863709,
      "geometry": {
        "type": "Polygon",
        "coordinates": [
          [
            [
              -82.75403775009788,
              27.968876952432353
            ],
            [
              -82.75443748416744,
              27.9688782525328
            ],
            [
              -82.75443761904118,
              27.968686065243258
            ],
            [
              -82.75443741898737,
              27.9686573047274
            ],
            [
              -82.75403745655562,
              27.968656226047916
            ],
            [
              -82.7540374948878,
              27.968684984744982
            ],
            [
              -82.75403774873081,
              27.968875440048045
            ],
            [
              -82.75403775009788,
              27.968876952432353
            ]
          ]
        ]
      },
      "properties": {
        "OBJECTID": 863709,
        "PARCELID": "122915826380030010",
        "STRAP": "152912826380030010",
        "SITE_ADDRESS": "2001 HARDING ST",
        "SITE_CITY": "CLEARWATER",
        "SITE_STATE": "FL",
        "SITE_ZIP": "33765",
        "LAND_USE_CODE": "08"
      }
    },
    {
      "type": "Feature",
      "id": 864021,
      "geometry": {
        "type": "Polygon",
        "coordinates": [
          [
            [
              -82.75474729576985,
              27.968864956938905
            ],
            [
              -82.75482407688834,
              27.968865145753583
            ],
            [
              -82.7549051166501,
              27.968865340938905
            ],
            [
              -82.75498615336195,
              27.9688655360932
            ],
            [
              -82.7550069344568,
              27.968865586296758
            ],
            [
              -82.75500631783976,
              27.96863245938092
            ],
            [
              -82.75498370302039,
              27.968632375021762
            ],
            [
              -82.75490266581072,
              27.968632083311434
            ],
            [
              -82.75482162456008,
              27.968631795185086
            ],
            [
              -82.75474738194377,
              27.968631526568277
            ],
            [
              -82.75474650479342,
              27.96863152325831
            ],
            [
              -82.75474729576985,
              27.968864956938905
            ]
          ]
        ]
      },
      "properties": {
        "OBJECTID": 864021,
        "PARCELID": "122915557820250140",
        "STRAP": "152912557820250140",
        "SITE_ADDRESS": "1975 HARDING ST",
        "SITE_CITY": "CLEARWATER",
        "SITE_STATE": "FL",
        "SITE_ZIP": "33765",
        "LAND_USE_CODE": "01"
      }
    },
    {
      "type": "Feature",
      "id": 866199,
      "geometry": {
        "type": "Polygon",
        "coordinates": [
          [
            [
              -82.75183447716034,
              27.969126379005797
            ],
            [
              -82.75217774110749,
              27.969125874519897
            ],
            [
              -82.75217771063305,
              27.969109902526267
            ],
            [
              -82.75217733880218,
              27.968911490621174
            ],
            [
              -82.75217723500991,
              27.968856075009818
            ],
            [
              -82.75178771899739,
              27.9689407690727
            ],
            [
              -82.75178576339734,
              27.968941194853592
            ],
            [
              -82.75180834558176,
              27.96900151662125
            ],
            [
              -82.7518246280645,
              27.969063416782653
            ],
            [
              -82.75183447716034,
              27.969126379005797
            ]
          ]
        ]
      },
      "properties": {
        "OBJECTID": 866199,
        "PARCELID": "122915826560110100",
        "STRAP": "152912826560110100",
        "SITE_ADDRESS": "218 GRAHAM DR",
        "SITE_CITY": "CLEARWATER",
        "SITE_STATE": "FL",
        "SITE_ZIP": "33765",
        "LAND_USE_CODE": "01"
      }
    },
    {
      "type": "Feature",
      "id": 866529,
      "geometry": {
        "type": "Polygon",
        "coordinates": [
          [
            [
              -82.75594626511891,
              27.96970881620433
            ],
            [
              -82.75594650002591,
              27.96970956298792
            ],
            [
              -82.75599534358248,
              27.96986797117273
            ],
            [
              -82.75604442220177,
              27.970027127019485
            ],
            [
              -82.75626958437829,
              27.96997623243483
            ],
            [
              -82.75621979002909,
              27.96981723761975
            ],
            [
              -82.75617000294565,
              27.969658242741023
            ],
            [
              -82.75594626511891,
              27.96970881620433
            ]
          ]
        ]
      },
      "properties": {
        "OBJECTID": 866529,
        "PARCELID": "122915557820220011",
        "STRAP": "152912557820220011",
        "SITE_ADDRESS": "315 CINCINNATI PKWY",
        "SITE_CITY": "CLEARWATER",
        "SITE_STATE": "FL",
        "SITE_ZIP": "33765",
        "LAND_USE_CODE": "01"
      }
    },
    {
      "type": "Feature",
      "id": 867087,
      "geometry": {
        "type": "Polygon",
        "coordinates": [
          [
            [
              -82.75270377958711,
              27.968652891118595
            ],
            [
              -82.75305994566426,
              27.968653094430973
            ],
            [
              -82.7530595404378,
              27.96848801580623
            ],
            [
              -82.75305940159798,
              27.968432300799506
            ],
            [
              -82.75293739310345,
              27.968431923546852
            ],
            [
              -82.75286477686727,
              27.96843181105043
            ],
            [
              -82.75267633810151,
              27.968431518196976
            ],
            [
              -82.75267481048265,
              27.96843151572488
            ],
            [
              -82.7526896751141,
              27.96848793705696
            ],
            [
              -82.75270014987093,
              27.968552239441063
            ],
            [
              -82.75270364630083,
              27.968617135865987
            ],
            [
              -82.75270377958711,
              27.968652891118595
            ]
          ]
        ]
      },
      "properties": {
        "OBJECTID": 867087,
        "PARCELID": "122915826560090020",
        "STRAP": "152912826560090020",
        "SITE_ADDRESS": "208 KERRY DR",
        "SITE_CITY": "CLEARWATER",
        "SITE_STATE": "FL",
        "SITE_ZIP": "33765",
        "LAND_USE_CODE": "08"
      }
    },
    {
      "type": "Feature",
      "id": 868649,
      "geometry": {
        "type": "Polygon",
        "coordinates": [
          [
            [
              -82.75363696742428,
              27.969273552228408
            ],
            [
              -82.75363784457997,
              27.969273555545335
            ],
            [
              -82.7540366453557,
              27.96927592129809
            ],
            [
              -82.75403681927567,
              27.9690421764104
            ],
            [
              -82.7536371635516,
              27.969040685224876
            ],
            [
              -82.75363696742428,
              27.969273552228408
            ]
          ]
        ]
      },
      "properties": {
        "OBJECTID": 868649,
        "PARCELID": "122915826380020060",
        "STRAP": "152912826380020060",
        "SITE_ADDRESS": "2010 HARDING ST",
        "SITE_CITY": "CLEARWATER",
        "SITE_STATE": "FL",
        "SITE_ZIP": "33765",
        "LAND_USE_CODE": "01"
      }
    },
    {
      "type": "Feature",
      "id": 873338,
      "geometry": {
        "type": "Polygon",
        "coordinates": [
          [
            [
              -82.75474395483666,
              27.970090042191128
            ],
            [
              -82.75495368294821,
              27.970090390419763
            ],
            [
              -82.75495354447499,
              27.969925362749546
            ],
            [
              -82.75495340530566,
              27.969761840251607
            ],
            [
              -82.7549534040197,
              27.96976034140297
            ],
            [
              -82.75474354949745,
              27.96975999295594
            ],
            [
              -82.75474375063912,
              27.969925017583883
            ],
            [
              -82.75474395483666,
              27.970090042191128
            ]
          ]
        ]
      },
      "properties": {
        "OBJECTID": 873338,
        "PARCELID": "122915557820220101",
        "STRAP": "152912557820220101",
        "SITE_ADDRESS": "1971 MCKINLEY ST",
        "SITE_CITY": "CLEARWATER",
        "SITE_STATE": "FL",
        "SITE_ZIP": "33765",
        "LAND_USE_CODE": "01"
      }
    },
    {
      "type": "Feature",
      "id": 876707,
      "geometry": {
        "type": "Polygon",
        "coordinates": [
          [
            [
              -82.75403601873259,
              27.970115707257072
            ],
            [
              -82.75443603899406,
              27.97011804256525
            ],
            [
              -82.75443628779084,
              27.969881018954435
            ],
            [
              -82.75443650026058,
              27.969679682922283
            ],
            [
              -82.75403634711424,
              27.969677298689838
            ],
            [
              -82.75403653100334,
              27.969876690634447
            ],
            [
              -82.75403602246557,
              27.9701149284813
            ],
            [
              -82.75403601873259,
              27.970115707257072
            ]
          ]
        ]
      },
      "properties": {
        "OBJECTID": 876707,
        "PARCELID": "122915826380020010",
        "STRAP": "152912826380020010",
        "SITE_ADDRESS": "2001 MCKINLEY ST",
        "SITE_CITY": "CLEARWATER",
        "SITE_STATE": "FL",
        "SITE_ZIP": "33765",
        "LAND_USE_CODE": "01"
      }
    },
    {
      "type": "Feature",
      "id": 880644,
      "geometry": {
        "type": "Polygon",
        "coordinates": [
          [
            [
              -82.75270789117057,
              27.971308757720287
            ],
            [
              -82.75271025233646,
              27.971308769166956
            ],
            [
              -82.75306437701263,
              27.971310428226506
            ],
            [
              -82.75306397688504,
              27.97110965412899
            ],
            [
              -82.75270885780303,
              27.971107993280356
            ],
            [
              -82.75270767672349,
              27.971107988913296
            ],
            [
              -82.75270789117057,
              27.971308757720287
            ]
          ]
        ]
      },
      "properties": {
        "OBJECTID": 880644,
        "PARCELID": "122915826560070020",
        "STRAP": "152912826560070020",
        "SITE_ADDRESS": "416 KERRY DR",
        "SITE_CITY": "CLEARWATER",
        "SITE_STATE": "FL",
        "SITE_ZIP": "33765",
        "LAND_USE_CODE": "01"
      }
    },
    {
      "type": "Feature",
      "id": 882940,
      "geometry": {
        "type": "Polygon",
        "coordinates": [
          [
            [
              -82.75363919222436,
              27.971312178018795
            ],
            [
              -82.75364006939654,
              27.971312181335374
            ],
            [
              -82.75403910323871,
              27.971314682860335
            ],
            [
              -82.75403833252017,
              27.971114078665096
            ],
            [
              -82.75364127453153,
              27.971111761218893
            ],
            [
              -82.75363847424855,
              27.971111744072054
            ],
            [
              -82.75363919222436,
              27.971312178018795
            ]
          ]
        ]
      },
      "properties": {
        "OBJECTID": 882940,
        "PARCELID": "122915826380010110",
        "STRAP": "152912826380010110",
        "SITE_ADDRESS": "416 PATRICIA AVE",
        "SITE_CITY": "CLEARWATER",
        "SITE_STATE": "FL",
        "SITE_ZIP": "33765",
        "LAND_USE_CODE": "01"
      }
    },
    {
      "type": "Feature",
      "id": 884054,
      "geometry": {
        "type": "Polygon",
        "coordinates": [
          [
            [
              -82.75305800707737,
              27.96927239075505
            ],
            [
              -82.7534451653083,
              27.96927417583845
            ],
            [
              -82.75344446902744,
              27.969040367117668
            ],
            [
              -82.75305652163786,
              27.969038543025384
            ],
            [
              -82.75305800707737,
              27.96927239075505
            ]
          ]
        ]
      },
      "properties": {
        "OBJECTID": 884054,
        "PARCELID": "122915826380050050",
        "STRAP": "152912826380050050",
        "SITE_ADDRESS": "2020 HARDING ST",
        "SITE_CITY": "CLEARWATER",
        "SITE_STATE": "FL",
        "SITE_ZIP": "33765",
        "LAND_USE_CODE": "01"
      }
    },
    {
      "type": "Feature",
      "id": 884319,
      "geometry": {
        "type": "Polygon",
        "coordinates": [
          [
            [
              -82.75270124148457,
              27.96927074422781
            ],
            [
              -82.75305800707737,
              27.96927239075505
            ],
            [
              -82.75305652163786,
              27.969038543025384
            ],
            [
              -82.75269939273457,
              27.969036865082785
            ],
            [
              -82.75270124148457,
              27.96927074422781
            ]
          ]
        ]
      },
      "properties": {
        "OBJECTID": 884319,
        "PARCELID": "122915826560080050",
        "STRAP": "152912826560080050",
        "SITE_ADDRESS": "2030 HARDING ST",
        "SITE_CITY": "CLEARWATER",
        "SITE_STATE": "FL",
        "SITE_ZIP": "33765",
        "LAND_USE_CODE": "01"
      }
    },
    {
      "type": "Feature",
      "id": 888249,
      "geometry": {
        "type": "Polygon",
        "coordinates": [
          [
            [
              -82.75505486440093,
              27.970997923268985
            ],
            [
              -82.7551614302696,
              27.970998098210597
            ],
            [
              -82.75524414520928,
              27.970998234348205
            ],
            [
              -82.75524414581525,
              27.970997445663595
            ],
            [
              -82.75524399448838,
              27.970628060295535
            ],
            [
              -82.75524399425518,
              27.970626275386454
            ],
            [
              -82.75516097133085,
              27.970626679656842
            ],
            [
              -82.75505471450718,
              27.97062631531842
            ],
            [
              -82.75505471435403,
              27.970628045184423
            ],
            [
              -82.75505474373975,
              27.970698690658033
            ],
            [
              -82.75505478306673,
              27.970793537945042
            ],
            [
              -82.755054800622,
              27.970836206049793
            ],
            [
              -82.75505486812645,
              27.97099714449342
            ],
            [
              -82.75505486440093,
              27.970997923268985
            ]
          ]
        ]
      },
      "properties": {
        "OBJECTID": 888249,
        "PARCELID": "122915557820210140",
        "STRAP": "152912557820210140",
        "SITE_ADDRESS": "1967 GILBERT ST",
        "SITE_CITY": "CLEARWATER",
        "SITE_STATE": "FL",
        "SITE_ZIP": "33765",
        "LAND_USE_CODE": "01"
      }
    },
    {
      "type": "Feature",
      "id": 891487,
      "geometry": {
        "type": "Polygon",
        "coordinates": [
          [
            [
              -82.75552142180689,
              27.968867888633117
            ],
            [
              -82.75555344243743,
              27.968868009687277
            ],
            [
              -82.7556344860268,
              27.968868317219552
            ],
            [
              -82.7557155270047,
              27.968868979354358
            ],
            [
              -82.75577815603863,
              27.968868860048033
            ],
            [
              -82.75577815048594,
              27.968867625620582
            ],
            [
              -82.7557772801535,
              27.968635228347196
            ],
            [
              -82.75571306835113,
              27.968634996294128
            ],
            [
              -82.75563202405274,
              27.96863470775959
            ],
            [
              -82.7555509868302,
              27.968634413724164
            ],
            [
              -82.75551973471548,
              27.968634302886656
            ],
            [
              -82.7555214163698,
              27.968867108102895
            ],
            [
              -82.75552142180689,
              27.968867888633117
            ]
          ]
        ]
      },
      "properties": {
        "OBJECTID": 891487,
        "PARCELID": "122915557820250050",
        "STRAP": "152912557820250050",
        "SITE_ADDRESS": "1959 HARDING ST",
        "SITE_CITY": "CLEARWATER",
        "SITE_STATE": "FL",
        "SITE_ZIP": "33765",
        "LAND_USE_CODE": "01"
      }
    },
    {
      "type": "Feature",
      "id": 893417,
      "geometry": {
        "type": "Polygon",
        "coordinates": [
          [
            [
              -82.7540366453557,
              27.96927592129809
            ],
            [
              -82.7544369230027,
              27.9692782985513
            ],
            [
              -82.75443716845088,
              27.969044294299565
            ],
            [
              -82.75403681927567,
              27.9690421764104
            ],
            [
              -82.7540366453557,
              27.96927592129809
            ]
          ]
        ]
      },
      "properties": {
        "OBJECTID": 893417,
        "PARCELID": "122915826380020050",
        "STRAP": "152912826380020050",
        "SITE_ADDRESS": "2000 HARDING ST",
        "SITE_CITY": "CLEARWATER",
        "SITE_STATE": "FL",
        "SITE_ZIP": "33765",
        "LAND_USE_CODE": "01"
      }
    },
    {
      "type": "Feature",
      "id": 900778,
      "geometry": {
        "type": "Polygon",
        "coordinates": [
          [
            [
              -82.75363847424855,
              27.971111744072054
            ],
            [
              -82.75364127453153,
              27.971111761218893
            ],
            [
              -82.75403833252017,
              27.971114078665096
            ],
            [
              -82.75403755860773,
              27.970913305736243
            ],
            [
              -82.75363987930248,
              27.970910985364043
            ],
            [
              -82.75363775393315,
              27.970910971739272
            ],
            [
              -82.75363847424855,
              27.971111744072054
            ]
          ]
        ]
      },
      "properties": {
        "OBJECTID": 900778,
        "PARCELID": "122915826380010100",
        "STRAP": "152912826380010100",
        "SITE_ADDRESS": "412 PATRICIA AVE",
        "SITE_CITY": "CLEARWATER",
        "SITE_STATE": "FL",
        "SITE_ZIP": "33765",
        "LAND_USE_CODE": "01"
      }
    },
    {
      "type": "Feature",
      "id": 906959,
      "geometry": {
        "type": "Polygon",
        "coordinates": [
          [
            [
              -82.7521799166736,
              27.97050235228084
            ],
            [
              -82.75252074362658,
              27.970504928298805
            ],
            [
              -82.75252020941646,
              27.9702736931953
            ],
            [
              -82.75217949713505,
              27.97027215878982
            ],
            [
              -82.7521799166736,
              27.97050235228084
            ]
          ]
        ]
      },
      "properties": {
        "OBJECTID": 906959,
        "PARCELID": "122915826560100060",
        "STRAP": "152912826560100060",
        "SITE_ADDRESS": "2040 MCKINLEY ST",
        "SITE_CITY": "CLEARWATER",
        "SITE_STATE": "FL",
        "SITE_ZIP": "33765",
        "LAND_USE_CODE": "01"
      }
    },
    {
      "type": "Feature",
      "id": 909220,
      "geometry": {
        "type": "Polygon",
        "coordinates": [
          [
            [
              -82.75270813799628,
              27.971540109860285
            ],
            [
              -82.75306483939303,
              27.97154065751506
            ],
            [
              -82.75306437701263,
              27.971310428226506
            ],
            [
              -82.75271025233646,
              27.971308769166956
            ],
            [
              -82.75270789117057,
              27.971308757720287
            ],
            [
              -82.75270813799628,
              27.971540109860285
            ]
          ]
        ]
      },
      "properties": {
        "OBJECTID": 909220,
        "PARCELID": "122915826560070010",
        "STRAP": "152912826560070010",
        "SITE_ADDRESS": "2025 MARILYN ST",
        "SITE_CITY": "CLEARWATER",
        "SITE_STATE": "FL",
        "SITE_ZIP": "33765",
        "LAND_USE_CODE": "01"
      }
    },
    {
      "type": "Feature",
      "id": 910770,
      "geometry": {
        "type": "Polygon",
        "coordinates": [
          [
            [
              -82.75538026202861,
              27.97009109463859
            ],
            [
              -82.75556613939364,
              27.970091403227606
            ],
            [
              -82.75556578090362,
              27.969685716158946
            ],
            [
              -82.75550846861876,
              27.96968562119273
            ],
            [
              -82.7553799083182,
              27.969685410240523
            ],
            [
              -82.75538026202861,
              27.97009109463859
            ]
          ]
        ]
      },
      "properties": {
        "OBJECTID": 910770,
        "PARCELID": "122915557820220130",
        "STRAP": "152912557820220130",
        "SITE_ADDRESS": "1959 MCKINLEY ST",
        "SITE_CITY": "CLEARWATER",
        "SITE_STATE": "FL",
        "SITE_ZIP": "33765",
        "LAND_USE_CODE": "01"
      }
    },
    {
      "type": "Feature",
      "id": 910957,
      "geometry": {
        "type": "Polygon",
        "coordinates": [
          [
            [
              -82.75550174295482,
              27.970626226510767
            ],
            [
              -82.75553271939573,
              27.97062622154851
            ],
            [
              -82.75553164406824,
              27.970256373815367
            ],
            [
              -82.75534577048477,
              27.970256065162978
            ],
            [
              -82.75534684452377,
              27.970626256720884
            ],
            [
              -82.75550174295482,
              27.970626226510767
            ]
          ]
        ]
      },
      "properties": {
        "OBJECTID": 910957,
        "PARCELID": "122915557820210080",
        "STRAP": "152912557820210080",
        "SITE_ADDRESS": "1960 MCKINLEY ST",
        "SITE_CITY": "CLEARWATER",
        "SITE_STATE": "FL",
        "SITE_ZIP": "33765",
        "LAND_USE_CODE": "01"
      }
    },
    {
      "type": "Feature",
      "id": 916992,
      "geometry": {
        "type": "Polygon",
        "coordinates": [
          [
            [
              -82.7550069344568,
              27.968865586296758
            ],
            [
              -82.7550671983557,
              27.968865898997304
            ],
            [
              -82.7551482366177,
              27.968866316935877
            ],
            [
              -82.75522928200604,
              27.968866736592354
            ],
            [
              -82.7552634252065,
              27.96886691283971
            ],
            [
              -82.75526293226446,
              27.968633380987008
            ],
            [
              -82.75522682787607,
              27.96863325250078
            ],
            [
              -82.75514578353548,
              27.9686329582657
            ],
            [
              -82.75506474634615,
              27.968632669357913
            ],
            [
              -82.75500631783976,
              27.96863245938092
            ],
            [
              -82.7550069344568,
              27.968865586296758
            ]
          ]
        ]
      },
      "properties": {
        "OBJECTID": 916992,
        "PARCELID": "122915557820250110",
        "STRAP": "152912557820250110",
        "SITE_ADDRESS": "1971 HARDING ST",
        "SITE_CITY": "CLEARWATER",
        "SITE_STATE": "FL",
        "SITE_ZIP": "33765",
        "LAND_USE_CODE": "01"
      }
    },
    {
      "type": "Feature",
      "id": 918350,
      "geometry": {
        "type": "Polygon",
        "coordinates": [
          [
            [
              -82.7536362576652,
              27.970113374779952
            ],
            [
              -82.75403601873259,
              27.970115707257072
            ],
            [
              -82.75403602246557,
              27.9701149284813
            ],
            [
              -82.75403653100334,
              27.969876690634447
            ],
            [
              -82.75363746505376,
              27.969876266485652
            ],
            [
              -82.7536364578201,
              27.969876266588418
            ],
            [
              -82.7536362576652,
              27.970113374779952
            ]
          ]
        ]
      },
      "properties": {
        "OBJECTID": 918350,
        "PARCELID": "122915826380020100",
        "STRAP": "152912826380020100",
        "SITE_ADDRESS": "2009 MCKINLEY ST",
        "SITE_CITY": "CLEARWATER",
        "SITE_STATE": "FL",
        "SITE_ZIP": "33765",
        "LAND_USE_CODE": "01"
      }
    },
    {
      "type": "Feature",
      "id": 918573,
      "geometry": {
        "type": "Polygon",
        "coordinates": [
          [
            [
              -82.7540364941727,
              27.96947726423486
            ],
            [
              -82.7544367105349,
              27.969479637302122
            ],
            [
              -82.7544369230027,
              27.9692782985513
            ],
            [
              -82.7540366453557,
              27.96927592129809
            ],
            [
              -82.7540364941727,
              27.96947726423486
            ]
          ]
        ]
      },
      "properties": {
        "OBJECTID": 918573,
        "PARCELID": "122915826380020040",
        "STRAP": "152912826380020040",
        "SITE_ADDRESS": "305 N HERCULES AVE",
        "SITE_CITY": "CLEARWATER",
        "SITE_STATE": "FL",
        "SITE_ZIP": "33765",
        "LAND_USE_CODE": "01"
      }
    },
    {
      "type": "Feature",
      "id": 919745,
      "geometry": {
        "type": "Polygon",
        "coordinates": [
          [
            [
              -82.7552634252065,
              27.96886691283971
            ],
            [
              -82.75531031675919,
              27.96886708858081
            ],
            [
              -82.75539136035074,
              27.9688673962563
            ],
            [
              -82.75547240089885,
              27.968867704803163
            ],
            [
              -82.75552142180689,
              27.968867888633117
            ],
            [
              -82.7555214163698,
              27.968867108102895
            ],
            [
              -82.75551973471548,
              27.968634302886656
            ],
            [
              -82.75546994253031,
              27.968634125094155
            ],
            [
              -82.75538890937787,
              27.968633831843277
            ],
            [
              -82.75530786505763,
              27.968633540410725
            ],
            [
              -82.75526293226446,
              27.968633380987008
            ],
            [
              -82.7552634252065,
              27.96886691283971
            ]
          ]
        ]
      },
      "properties": {
        "OBJECTID": 919745,
        "PARCELID": "122915557820250080",
        "STRAP": "152912557820250080",
        "SITE_ADDRESS": "1965 HARDING ST",
        "SITE_CITY": "CLEARWATER",
        "SITE_STATE": "FL",
        "SITE_ZIP": "33765",
        "LAND_USE_CODE": "01"
      }
    },
    {
      "type": "Feature",
      "id": 922953,
      "geometry": {
        "type": "Polygon",
        "coordinates": [
          [
            [
              -82.7518390533663,
              27.97010629653617
            ],
            [
              -82.75218016320464,
              27.970107486713815
            ],
            [
              -82.75217965444477,
              27.969901209523258
            ],
            [
              -82.75183876886967,
              27.969900020816915
            ],
            [
              -82.7518390533663,
              27.97010629653617
            ]
          ]
        ]
      },
      "properties": {
        "OBJECTID": 922953,
        "PARCELID": "122915826560110150",
        "STRAP": "152912826560110150",
        "SITE_ADDRESS": "2051 MCKINLEY ST",
        "SITE_CITY": "CLEARWATER",
        "SITE_STATE": "FL",
        "SITE_ZIP": "33765",
        "LAND_USE_CODE": "01"
      }
    },
    {
      "type": "Feature",
      "id": 924221,
      "geometry": {
        "type": "Polygon",
        "coordinates": [
          [
            [
              -82.75183823909468,
              27.969514968332586
            ],
            [
              -82.75217889704606,
              27.969515165681575
            ],
            [
              -82.75217833158659,
              27.969506028546732
            ],
            [
              -82.75217822410673,
              27.96932140901762
            ],
            [
              -82.75183797867592,
              27.969322424912797
            ],
            [
              -82.75183823909468,
              27.969514968332586
            ]
          ]
        ]
      },
      "properties": {
        "OBJECTID": 924221,
        "PARCELID": "122915826560110120",
        "STRAP": "152912826560110120",
        "SITE_ADDRESS": "304 GRAHAM DR",
        "SITE_CITY": "CLEARWATER",
        "SITE_STATE": "FL",
        "SITE_ZIP": "33765",
        "LAND_USE_CODE": "01"
      }
    },
    {
      "type": "Feature",
      "id": 924970,
      "geometry": {
        "type": "Polygon",
        "coordinates": [
          [
            [
              -82.75218065256843,
              27.970903892786485
            ],
            [
              -82.75252144824779,
              27.970906467151075
            ],
            [
              -82.75252105627234,
              27.97070569478642
            ],
            [
              -82.75218028460635,
              27.97070312118306
            ],
            [
              -82.75218065256843,
              27.970903892786485
            ]
          ]
        ]
      },
      "properties": {
        "OBJECTID": 924970,
        "PARCELID": "122915826560100040",
        "STRAP": "152912826560100040",
        "SITE_ADDRESS": "409 KERRY DR",
        "SITE_CITY": "CLEARWATER",
        "SITE_STATE": "FL",
        "SITE_ZIP": "33765",
        "LAND_USE_CODE": "01"
      }
    },
    {
      "type": "Feature",
      "id": 926631,
      "geometry": {
        "type": "Polygon",
        "coordinates": [
          [
            [
              -82.75217771063305,
              27.969109902526267
            ],
            [
              -82.75217858775005,
              27.969109900438454
            ],
            [
              -82.75251896630836,
              27.969109713173413
            ],
            [
              -82.75251883653792,
              27.968912147290773
            ],
            [
              -82.7521782179878,
              27.968911493936375
            ],
            [
              -82.75217733880218,
              27.968911490621174
            ],
            [
              -82.75217771063305,
              27.969109902526267
            ]
          ]
        ]
      },
      "properties": {
        "OBJECTID": 926631,
        "PARCELID": "122915826560110060",
        "STRAP": "152912826560110060",
        "SITE_ADDRESS": "217 KERRY DR",
        "SITE_CITY": "CLEARWATER",
        "SITE_STATE": "FL",
        "SITE_ZIP": "33765",
        "LAND_USE_CODE": "01"
      }
    },
    {
      "type": "Feature",
      "id": 935998,
      "geometry": {
        "type": "Polygon",
        "coordinates": [
          [
            [
              -82.75305940159798,
              27.968432300799506
            ],
            [
              -82.75344571647511,
              27.96843308799312
            ],
            [
              -82.7534470083116,
              27.968433092650155
            ],
            [
              -82.75344686064871,
              27.96829493337825
            ],
            [
              -82.75344665466386,
              27.968103606080707
            ],
            [
              -82.75293551112696,
              27.96810342620669
            ],
            [
              -82.75293739310345,
              27.968431923546852
            ],
            [
              -82.75305940159798,
              27.968432300799506
            ]
          ]
        ]
      },
      "properties": {
        "OBJECTID": 935998,
        "PARCELID": "122915826380040040",
        "STRAP": "152912826380040040",
        "SITE_ADDRESS": "2014 DREW ST",
        "SITE_CITY": "CLEARWATER",
        "SITE_STATE": "FL",
        "SITE_ZIP": "33765",
        "LAND_USE_CODE": "17"
      }
    },
    {
      "type": "Feature",
      "id": 937098,
      "geometry": {
        "type": "Polygon",
        "coordinates": [
          [
            [
              -82.75183797867592,
              27.969322424912797
            ],
            [
              -82.75217822410673,
              27.96932140901762
            ],
            [
              -82.752178190086,
              27.969308003418
            ],
            [
              -82.75217774110749,
              27.969125874519897
            ],
            [
              -82.75183447716034,
              27.969126379005797
            ],
            [
              -82.75183778696756,
              27.969185097864834
            ],
            [
              -82.75183797867592,
              27.969322424912797
            ]
          ]
        ]
      },
      "properties": {
        "OBJECTID": 937098,
        "PARCELID": "122915826560110110",
        "STRAP": "152912826560110110",
        "SITE_ADDRESS": "300 GRAHAM DR",
        "SITE_CITY": "CLEARWATER",
        "SITE_STATE": "FL",
        "SITE_ZIP": "33765",
        "LAND_USE_CODE": "01"
      }
    },
    {
      "type": "Feature",
      "id": 937751,
      "geometry": {
        "type": "Polygon",
        "coordinates": [
          [
            [
              -82.75217970596937,
              27.96970405414899
            ],
            [
              -82.75251980116981,
              27.969704361105315
            ],
            [
              -82.75251952589598,
              27.969506336722922
            ],
            [
              -82.75251842615981,
              27.969506334616216
            ],
            [
              -82.75217833158659,
              27.969506028546732
            ],
            [
              -82.75217889704606,
              27.969515165681575
            ],
            [
              -82.75217970596937,
              27.96970405414899
            ]
          ]
        ]
      },
      "properties": {
        "OBJECTID": 937751,
        "PARCELID": "122915826560110030",
        "STRAP": "152912826560110030",
        "SITE_ADDRESS": "309 KERRY DR",
        "SITE_CITY": "CLEARWATER",
        "SITE_STATE": "FL",
        "SITE_ZIP": "33765",
        "LAND_USE_CODE": "01"
      }
    },
    {
      "type": "Feature",
      "id": 941319,
      "geometry": {
        "type": "Polygon",
        "coordinates": [
          [
            [
              -82.75306397688504,
              27.97110965412899
            ],
            [
              -82.75345124146648,
              27.97111146559209
            ],
            [
              -82.7534510571721,
              27.97091069843952
            ],
            [
              -82.75306357373788,
              27.970908882749384
            ],
            [
              -82.75306397688504,
              27.97110965412899
            ]
          ]
        ]
      },
      "properties": {
        "OBJECTID": 941319,
        "PARCELID": "122915826380060030",
        "STRAP": "152912826380060030",
        "SITE_ADDRESS": "413 PATRICIA AVE",
        "SITE_CITY": "CLEARWATER",
        "SITE_STATE": "FL",
        "SITE_ZIP": "33765",
        "LAND_USE_CODE": "01"
      }
    },
    {
      "type": "Feature",
      "id": 941524,
      "geometry": {
        "type": "Polygon",
        "coordinates": [
          [
            [
              -82.75403999302272,
              27.971546735291554
            ],
            [
              -82.7544379446635,
              27.971548713685166
            ],
            [
              -82.75443737472794,
              27.97131717657922
            ],
            [
              -82.75403910323871,
              27.971314682860335
            ],
            [
              -82.75403999066356,
              27.97154595745172
            ],
            [
              -82.75403999302272,
              27.971546735291554
            ]
          ]
        ]
      },
      "properties": {
        "OBJECTID": 941524,
        "PARCELID": "122915826380010010",
        "STRAP": "152912826380010010",
        "SITE_ADDRESS": "2001 MARILYN ST",
        "SITE_CITY": "CLEARWATER",
        "SITE_STATE": "FL",
        "SITE_ZIP": "33765",
        "LAND_USE_CODE": "01"
      }
    },
    {
      "type": "Feature",
      "id": 947650,
      "geometry": {
        "type": "Polygon",
        "coordinates": [
          [
            [
              -82.75474481903959,
              27.970791556921156
            ],
            [
              -82.75474594016941,
              27.97079156430679
            ],
            [
              -82.75505478306673,
              27.970793537945042
            ],
            [
              -82.75505474373975,
              27.970698690658033
            ],
            [
              -82.75505471435403,
              27.970628045184423
            ],
            [
              -82.75505471450718,
              27.97062631531842
            ],
            [
              -82.75497367998295,
              27.97062633136834
            ],
            [
              -82.75474461270392,
              27.97062637532783
            ],
            [
              -82.7547446970614,
              27.97069545577341
            ],
            [
              -82.75474481903959,
              27.970791556921156
            ]
          ]
        ]
      },
      "properties": {
        "OBJECTID": 947650,
        "PARCELID": "122915557820210130",
        "STRAP": "152912557820210130",
        "SITE_ADDRESS": "412 N HERCULES AVE",
        "SITE_CITY": "CLEARWATER",
        "SITE_STATE": "FL",
        "SITE_ZIP": "33765",
        "LAND_USE_CODE": "01"
      }
    },
    {
      "type": "Feature",
      "id": 948961,
      "geometry": {
        "type": "Polygon",
        "coordinates": [
          [
            [
              -82.75270767672349,
              27.971107988913296
            ],
            [
              -82.75270885780303,
              27.971107993280356
            ],
            [
              -82.75306397688504,
              27.97110965412899
            ],
            [
              -82.75306357373788,
              27.970908882749384
            ],
            [
              -82.75270746427525,
              27.970907213772897
            ],
            [
              -82.75270767672349,
              27.971107988913296
            ]
          ]
        ]
      },
      "properties": {
        "OBJECTID": 948961,
        "PARCELID": "122915826560070030",
        "STRAP": "152912826560070030",
        "SITE_ADDRESS": "412 KERRY DR",
        "SITE_CITY": "CLEARWATER",
        "SITE_STATE": "FL",
        "SITE_ZIP": "33765",
        "LAND_USE_CODE": "01"
      }
    },
    {
      "type": "Feature",
      "id": 950929,
      "geometry": {
        "type": "Polygon",
        "coordinates": [
          [
            [
              -82.75363679617615,
              27.969474893480353
            ],
            [
              -82.75363767231713,
              27.96947489680283
            ],
            [
              -82.7540364941727,
              27.96947726423486
            ],
            [
              -82.7540366453557,
              27.96927592129809
            ],
            [
              -82.75363784457997,
              27.969273555545335
            ],
            [
              -82.75363696742428,
              27.969273552228408
            ],
            [
              -82.75363679617615,
              27.969474893480353
            ]
          ]
        ]
      },
      "properties": {
        "OBJECTID": 950929,
        "PARCELID": "122915826380020070",
        "STRAP": "152912826380020070",
        "SITE_ADDRESS": "304 PATRICIA AVE",
        "SITE_CITY": "CLEARWATER",
        "SITE_STATE": "FL",
        "SITE_ZIP": "33765",
        "LAND_USE_CODE": "01"
      }
    },
    {
      "type": "Feature",
      "id": 954498,
      "geometry": {
        "type": "Polygon",
        "coordinates": [
          [
            [
              -82.7557492259745,
              27.969753351912885
            ],
            [
              -82.75579949249274,
              27.96991223963996
            ],
            [
              -82.75584928221119,
              27.97007123463852
            ],
            [
              -82.75604442220177,
              27.970027127019485
            ],
            [
              -82.75599534358248,
              27.96986797117273
            ],
            [
              -82.75594650002591,
              27.96970956298792
            ],
            [
              -82.75594626511891,
              27.96970881620433
            ],
            [
              -82.75575007333693,
              27.969753163172705
            ],
            [
              -82.7557492259745,
              27.969753351912885
            ]
          ]
        ]
      },
      "properties": {
        "OBJECTID": 954498,
        "PARCELID": "122915557820220010",
        "STRAP": "152912557820220010",
        "SITE_ADDRESS": "1953 MCKINLEY ST",
        "SITE_CITY": "CLEARWATER",
        "SITE_STATE": "FL",
        "SITE_ZIP": "33765",
        "LAND_USE_CODE": "01"
      }
    },
    {
      "type": "Feature",
      "id": 967821,
      "geometry": {
        "type": "Polygon",
        "coordinates": [
          [
            [
              -82.75403910323871,
              27.971314682860335
            ],
            [
              -82.75443737472794,
              27.97131717657922
            ],
            [
              -82.75443687551692,
              27.97111640486966
            ],
            [
              -82.75403833252017,
              27.971114078665096
            ],
            [
              -82.75403910323871,
              27.971314682860335
            ]
          ]
        ]
      },
      "properties": {
        "OBJECTID": 967821,
        "PARCELID": "122915826380010020",
        "STRAP": "152912826380010020",
        "SITE_ADDRESS": "417 N HERCULES AVE",
        "SITE_CITY": "CLEARWATER",
        "SITE_STATE": "FL",
        "SITE_ZIP": "33765",
        "LAND_USE_CODE": "01"
      }
    },
    {
      "type": "Feature",
      "id": 969520,
      "geometry": {
        "type": "Polygon",
        "coordinates": [
          [
            [
              -82.75270263590868,
              27.96947152197307
            ],
            [
              -82.75305927830014,
              27.969473188111714
            ],
            [
              -82.75305800707737,
              27.96927239075505
            ],
            [
              -82.75270124148457,
              27.96927074422781
            ],
            [
              -82.75270263590868,
              27.96947152197307
            ]
          ]
        ]
      },
      "properties": {
        "OBJECTID": 969520,
        "PARCELID": "122915826560080040",
        "STRAP": "152912826560080040",
        "SITE_ADDRESS": "306 KERRY DR",
        "SITE_CITY": "CLEARWATER",
        "SITE_STATE": "FL",
        "SITE_ZIP": "33765",
        "LAND_USE_CODE": "01"
      }
    },
    {
      "type": "Feature",
      "id": 971606,
      "geometry": {
        "type": "Polygon",
        "coordinates": [
          [
            [
              -82.75306357373788,
              27.970908882749384
            ],
            [
              -82.7534510571721,
              27.97091069843952
            ],
            [
              -82.7534500840989,
              27.970709921162577
            ],
            [
              -82.75306317262782,
              27.970708110450428
            ],
            [
              -82.75306357373788,
              27.970908882749384
            ]
          ]
        ]
      },
      "properties": {
        "OBJECTID": 971606,
        "PARCELID": "122915826380060040",
        "STRAP": "152912826380060040",
        "SITE_ADDRESS": "409 PATRICIA AVE",
        "SITE_CITY": "CLEARWATER",
        "SITE_STATE": "FL",
        "SITE_ZIP": "33765",
        "LAND_USE_CODE": "01"
      }
    },
    {
      "type": "Feature",
      "id": 974931,
      "geometry": {
        "type": "Polygon",
        "coordinates": [
          [
            [
              -82.75474650479342,
              27.96863152325831
            ],
            [
              -82.75474738194377,
              27.968631526568277
            ],
            [
              -82.75482162456008,
              27.968631795185086
            ],
            [
              -82.75490266581072,
              27.968632083311434
            ],
            [
              -82.75498370302039,
              27.968632375021762
            ],
            [
              -82.75500631783976,
              27.96863245938092
            ],
            [
              -82.75500570183708,
              27.96839898052506
            ],
            [
              -82.75498125208743,
              27.96839927169802
            ],
            [
              -82.75490021542245,
              27.968399033221345
            ],
            [
              -82.75481917466622,
              27.96839879110982
            ],
            [
              -82.75474570987429,
              27.96839810493201
            ],
            [
              -82.75474650479342,
              27.96863152325831
            ]
          ]
        ]
      },
      "properties": {
        "OBJECTID": 974931,
        "PARCELID": "122915557820250170",
        "STRAP": "152912557820250170",
        "SITE_ADDRESS": "1976 DREW PLZ",
        "SITE_CITY": "CLEARWATER",
        "SITE_STATE": "FL",
        "SITE_ZIP": "33765",
        "LAND_USE_CODE": "01"
      }
    },
    {
      "type": "Feature",
      "id": 979783,
      "geometry": {
        "type": "Polygon",
        "coordinates": [
          [
            [
              -82.75306483939303,
              27.97154065751506
            ],
            [
              -82.75345208586424,
              27.971541249935783
            ],
            [
              -82.75345163724819,
              27.971312242409297
            ],
            [
              -82.75306437701263,
              27.971310428226506
            ],
            [
              -82.75306483939303,
              27.97154065751506
            ]
          ]
        ]
      },
      "properties": {
        "OBJECTID": 979783,
        "PARCELID": "122915826380060010",
        "STRAP": "152912826380060010",
        "SITE_ADDRESS": "2021 MARILYN ST",
        "SITE_CITY": "CLEARWATER",
        "SITE_STATE": "FL",
        "SITE_ZIP": "33765",
        "LAND_USE_CODE": "01"
      }
    },
    {
      "type": "Feature",
      "id": 995190,
      "geometry": {
        "type": "Polygon",
        "coordinates": [
          [
            [
              -82.75270542480624,
              27.969873078348183
            ],
            [
              -82.7530618255997,
              27.96987474397852
            ],
            [
              -82.75306055450575,
              27.969673969192378
            ],
            [
              -82.75270403034088,
              27.969672298810064
            ],
            [
              -82.75270542480624,
              27.969873078348183
            ]
          ]
        ]
      },
      "properties": {
        "OBJECTID": 995190,
        "PARCELID": "122915826560080020",
        "STRAP": "152912826560080020",
        "SITE_ADDRESS": "312 KERRY DR",
        "SITE_CITY": "CLEARWATER",
        "SITE_STATE": "FL",
        "SITE_ZIP": "33765",
        "LAND_USE_CODE": "01"
      }
    },
    {
      "type": "Feature",
      "id": 995258,
      "geometry": {
        "type": "Polygon",
        "coordinates": [
          [
            [
              -82.75270643164438,
              27.97050566860433
            ],
            [
              -82.75306277255106,
              27.970507339042445
            ],
            [
              -82.7530623133557,
              27.970276681071027
            ],
            [
              -82.75270605084309,
              27.97027462758233
            ],
            [
              -82.75270643164438,
              27.97050566860433
            ]
          ]
        ]
      },
      "properties": {
        "OBJECTID": 995258,
        "PARCELID": "122915826560070060",
        "STRAP": "152912826560070060",
        "SITE_ADDRESS": "2030 MCKINLEY ST",
        "SITE_CITY": "CLEARWATER",
        "SITE_STATE": "FL",
        "SITE_ZIP": "33765",
        "LAND_USE_CODE": "01"
      }
    },
    {
      "type": "Feature",
      "id": 995933,
      "geometry": {
        "type": "Polygon",
        "coordinates": [
          [
            [
              -82.75524414520928,
              27.970998234348205
            ],
            [
              -82.75534730612813,
              27.970998404374512
            ],
            [
              -82.75550189407177,
              27.97099866552576
            ],
            [
              -82.75550189486478,
              27.970997466256662
            ],
            [
              -82.75550174369515,
              27.97062808360753
            ],
            [
              -82.75550174295482,
              27.970626226510767
            ],
            [
              -82.75534684452377,
              27.970626256720884
            ],
            [
              -82.75524399425518,
              27.970626275386454
            ],
            [
              -82.75524399448838,
              27.970628060295535
            ],
            [
              -82.75524414581525,
              27.970997445663595
            ],
            [
              -82.75524414520928,
              27.970998234348205
            ]
          ]
        ]
      },
      "properties": {
        "OBJECTID": 995933,
        "PARCELID": "122915557820210150",
        "STRAP": "152912557820210150",
        "SITE_ADDRESS": "1963 GILBERT ST",
        "SITE_CITY": "CLEARWATER",
        "SITE_STATE": "FL",
        "SITE_ZIP": "33765",
        "LAND_USE_CODE": "01"
      }
    },
    {
      "type": "Feature",
      "id": 998322,
      "geometry": {
        "type": "Polygon",
        "coordinates": [
          [
            [
              -82.75498859145003,
              27.969609127556748
            ],
            [
              -82.75516299901408,
              27.969609413010527
            ],
            [
              -82.75516285823356,
              27.969444388955846
            ],
            [
              -82.75516271946726,
              27.96927936127667
            ],
            [
              -82.75498830632344,
              27.969279074040887
            ],
            [
              -82.75498830891878,
              27.969280322922764
            ],
            [
              -82.75498844887083,
              27.96944409899609
            ],
            [
              -82.75498859145003,
              27.969609127556748
            ]
          ]
        ]
      },
      "properties": {
        "OBJECTID": 998322,
        "PARCELID": "122915557820220070",
        "STRAP": "152912557820220070",
        "SITE_ADDRESS": "1968 HARDING PLZ",
        "SITE_CITY": "CLEARWATER",
        "SITE_STATE": "FL",
        "SITE_ZIP": "33765",
        "LAND_USE_CODE": "01"
      }
    },
    {
      "type": "Feature",
      "id": 998355,
      "geometry": {
        "type": "Polygon",
        "coordinates": [
          [
            [
              -82.75363787473873,
              27.968875651944135
            ],
            [
              -82.75403775009788,
              27.968876952432353
            ],
            [
              -82.75403774873081,
              27.968875440048045
            ],
            [
              -82.7540374948878,
              27.968684984744982
            ],
            [
              -82.75403745655562,
              27.968656226047916
            ],
            [
              -82.75363928192453,
              27.968655149948827
            ],
            [
              -82.75363759675254,
              27.968655145643293
            ],
            [
              -82.75363763192966,
              27.96868390435926
            ],
            [
              -82.75363787473873,
              27.968875651944135
            ]
          ]
        ]
      },
      "properties": {
        "OBJECTID": 998355,
        "PARCELID": "122915826380030080",
        "STRAP": "152912826380030080",
        "SITE_ADDRESS": "2009 HARDING ST",
        "SITE_CITY": "CLEARWATER",
        "SITE_STATE": "FL",
        "SITE_ZIP": "33765",
        "LAND_USE_CODE": "08"
      }
    },
    {
      "type": "Feature",
      "id": 1002032,
      "geometry": {
        "type": "Polygon",
        "coordinates": [
          [
            [
              -82.75550189407177,
              27.97099866552576
            ],
            [
              -82.7555331820129,
              27.97099871479902
            ],
            [
              -82.75571874991235,
              27.970999023054496
            ],
            [
              -82.75571874936136,
              27.97099748539985
            ],
            [
              -82.7557181297518,
              27.97062618326212
            ],
            [
              -82.75553271939573,
              27.97062622154851
            ],
            [
              -82.75550174295482,
              27.970626226510767
            ],
            [
              -82.75550174369515,
              27.97062808360753
            ],
            [
              -82.75550189486478,
              27.970997466256662
            ],
            [
              -82.75550189407177,
              27.97099866552576
            ]
          ]
        ]
      },
      "properties": {
        "OBJECTID": 1002032,
        "PARCELID": "122915557820210170",
        "STRAP": "152912557820210170",
        "SITE_ADDRESS": "1955 GILBERT ST",
        "SITE_CITY": "CLEARWATER",
        "SITE_STATE": "FL",
        "SITE_ZIP": "33765",
        "LAND_USE_CODE": "01"
      }
    },
    {
      "type": "Feature",
      "id": 1003531,
      "geometry": {
        "type": "Polygon",
        "coordinates": [
          [
            [
              -82.75218016320464,
              27.970107486713815
            ],
            [
              -82.75252093757919,
              27.970108669758808
            ],
            [
              -82.75252035806217,
              27.9699023956728
            ],
            [
              -82.7525194819176,
              27.969902392343304
            ],
            [
              -82.75217965444477,
              27.969901209523258
            ],
            [
              -82.75218016320464,
              27.970107486713815
            ]
          ]
        ]
      },
      "properties": {
        "OBJECTID": 1003531,
        "PARCELID": "122915826560110010",
        "STRAP": "152912826560110010",
        "SITE_ADDRESS": "2041 MCKINLEY ST",
        "SITE_CITY": "CLEARWATER",
        "SITE_STATE": "FL",
        "SITE_ZIP": "33765",
        "LAND_USE_CODE": "01"
      }
    },
    {
      "type": "Feature",
      "id": 1016698,
      "geometry": {
        "type": "Polygon",
        "coordinates": [
          [
            [
              -82.7527070673964,
              27.97010960708305
            ],
            [
              -82.75306332667886,
              27.970111273472714
            ],
            [
              -82.7530618255997,
              27.96987474397852
            ],
            [
              -82.75270542480624,
              27.969873078348183
            ],
            [
              -82.7527070673964,
              27.97010960708305
            ]
          ]
        ]
      },
      "properties": {
        "OBJECTID": 1016698,
        "PARCELID": "122915826560080010",
        "STRAP": "152912826560080010",
        "SITE_ADDRESS": "2025 MCKINLEY ST",
        "SITE_CITY": "CLEARWATER",
        "SITE_STATE": "FL",
        "SITE_ZIP": "33765",
        "LAND_USE_CODE": "01"
      }
    },
    {
      "type": "Feature",
      "id": 1027970,
      "geometry": {
        "type": "Polygon",
        "coordinates": [
          [
            [
              -82.75306317262782,
              27.970708110450428
            ],
            [
              -82.7534500840989,
              27.970709921162577
            ],
            [
              -82.75344985915297,
              27.970509151513905
            ],
            [
              -82.75344868824357,
              27.97050914709742
            ],
            [
              -82.75306277255106,
              27.970507339042445
            ],
            [
              -82.75306317262782,
              27.970708110450428
            ]
          ]
        ]
      },
      "properties": {
        "OBJECTID": 1027970,
        "PARCELID": "122915826380060050",
        "STRAP": "152912826380060050",
        "SITE_ADDRESS": "405 PATRICIA AVE",
        "SITE_CITY": "CLEARWATER",
        "SITE_STATE": "FL",
        "SITE_ZIP": "33765",
        "LAND_USE_CODE": "01"
      }
    },
    {
      "type": "Feature",
      "id": 1028634,
      "geometry": {
        "type": "Polygon",
        "coordinates": [
          [
            [
              -82.75602305098944,
              27.97062612425813
            ],
            [
              -82.75603558351388,
              27.97066613826708
            ],
            [
              -82.75609646493079,
              27.970652394325647
            ],
            [
              -82.75645588270831,
              27.970571134585988
            ],
            [
              -82.75642144580657,
              27.970461163017525
            ],
            [
              -82.75638559426282,
              27.97034668730828
            ],
            [
              -82.75596529485014,
              27.970441690767455
            ],
            [
              -82.75600114394784,
              27.970556165701556
            ],
            [
              -82.75602305098944,
              27.97062612425813
            ]
          ]
        ]
      },
      "properties": {
        "OBJECTID": 1028634,
        "PARCELID": "122915557820210030",
        "STRAP": "152912557820210030",
        "SITE_ADDRESS": "407 CINCINNATI PKWY",
        "SITE_CITY": "CLEARWATER",
        "SITE_STATE": "FL",
        "SITE_ZIP": "33765",
        "LAND_USE_CODE": "01"
      }
    },
    {
      "type": "Feature",
      "id": 1032063,
      "geometry": {
        "type": "Polygon",
        "coordinates": [
          [
            [
              -82.75306437701263,
              27.971310428226506
            ],
            [
              -82.75345163724819,
              27.971312242409297
            ],
            [
              -82.75345124146648,
              27.97111146559209
            ],
            [
              -82.75306397688504,
              27.97110965412899
            ],
            [
              -82.75306437701263,
              27.971310428226506
            ]
          ]
        ]
      },
      "properties": {
        "OBJECTID": 1032063,
        "PARCELID": "122915826380060020",
        "STRAP": "152912826380060020",
        "SITE_ADDRESS": "417 PATRICIA AVE",
        "SITE_CITY": "CLEARWATER",
        "SITE_STATE": "FL",
        "SITE_ZIP": "33765",
        "LAND_USE_CODE": "01"
      }
    },
    {
      "type": "Feature",
      "id": 1034124,
      "geometry": {
        "type": "Polygon",
        "coordinates": [
          [
            [
              -82.75571874991235,
              27.970999023054496
            ],
            [
              -82.75590493171536,
              27.970999332198694
            ],
            [
              -82.7559464489857,
              27.970998995807772
            ],
            [
              -82.75594644770445,
              27.97099749966668
            ],
            [
              -82.7559462940105,
              27.970628117955627
            ],
            [
              -82.75594629343611,
              27.970626139938975
            ],
            [
              -82.75590447112812,
              27.97062614682984
            ],
            [
              -82.7557181297518,
              27.97062618326212
            ],
            [
              -82.75571874936136,
              27.97099748539985
            ],
            [
              -82.75571874991235,
              27.970999023054496
            ]
          ]
        ]
      },
      "properties": {
        "OBJECTID": 1034124,
        "PARCELID": "122915557820210180",
        "STRAP": "152912557820210180",
        "SITE_ADDRESS": "1951 GILBERT ST",
        "SITE_CITY": "CLEARWATER",
        "SITE_STATE": "FL",
        "SITE_ZIP": "33765",
        "LAND_USE_CODE": "01"
      }
    },
    {
      "type": "Feature",
      "id": 1043133,
      "geometry": {
        "type": "Polygon",
        "coordinates": [
          [
            [
              -82.75305994566426,
              27.968653094430973
            ],
            [
              -82.75344724734234,
              27.96865331582924
            ],
            [
              -82.75344706821275,
              27.96848809610665
            ],
            [
              -82.7534470083116,
              27.968433092650155
            ],
            [
              -82.75344571647511,
              27.96843308799312
            ],
            [
              -82.75305940159798,
              27.968432300799506
            ],
            [
              -82.7530595404378,
              27.96848801580623
            ],
            [
              -82.75305994566426,
              27.968653094430973
            ]
          ]
        ]
      },
      "properties": {
        "OBJECTID": 1043133,
        "PARCELID": "122915826380040020",
        "STRAP": "152912826380040020",
        "SITE_ADDRESS": "209 PATRICIA AVE",
        "SITE_CITY": "CLEARWATER",
        "SITE_STATE": "FL",
        "SITE_ZIP": "33765",
        "LAND_USE_CODE": "08"
      }
    },
    {
      "type": "Feature",
      "id": 1044840,
      "geometry": {
        "type": "Polygon",
        "coordinates": [
          [
            [
              -82.75526293226446,
              27.968633380987008
            ],
            [
              -82.75530786505763,
              27.968633540410725
            ],
            [
              -82.75538890937787,
              27.968633831843277
            ],
            [
              -82.75546994253031,
              27.968634125094155
            ],
            [
              -82.75551973471548,
              27.968634302886656
            ],
            [
              -82.75551804846721,
              27.968400835339654
            ],
            [
              -82.75546748938773,
              27.968400708679564
            ],
            [
              -82.75538645272144,
              27.96840046958696
            ],
            [
              -82.7553054119953,
              27.968400231371294
            ],
            [
              -82.75526243708914,
              27.96839967227194
            ],
            [
              -82.75526293226446,
              27.968633380987008
            ]
          ]
        ]
      },
      "properties": {
        "OBJECTID": 1044840,
        "PARCELID": "122915557820250240",
        "STRAP": "152912557820250240",
        "SITE_ADDRESS": "1964 DREW PLZ",
        "SITE_CITY": "CLEARWATER",
        "SITE_STATE": "FL",
        "SITE_ZIP": "33765",
        "LAND_USE_CODE": "01"
      }
    },
    {
      "type": "Feature",
      "id": 1046869,
      "geometry": {
        "type": "Polygon",
        "coordinates": [
          [
            [
              -82.75218028460635,
              27.97070312118306
            ],
            [
              -82.75252105627234,
              27.97070569478642
            ],
            [
              -82.75252074362658,
              27.970504928298805
            ],
            [
              -82.7521799166736,
              27.97050235228084
            ],
            [
              -82.75218028460635,
              27.97070312118306
            ]
          ]
        ]
      },
      "properties": {
        "OBJECTID": 1046869,
        "PARCELID": "122915826560100050",
        "STRAP": "152912826560100050",
        "SITE_ADDRESS": "405 KERRY DR",
        "SITE_CITY": "CLEARWATER",
        "SITE_STATE": "FL",
        "SITE_ZIP": "33765",
        "LAND_USE_CODE": "01"
      }
    },
    {
      "type": "Feature",
      "id": 1047865,
      "geometry": {
        "type": "Polygon",
        "coordinates": [
          [
            [
              -82.75183850147417,
              27.96970750000541
            ],
            [
              -82.75217948592919,
              27.96970852484926
            ],
            [
              -82.75217970596937,
              27.96970405414899
            ],
            [
              -82.75217889704606,
              27.969515165681575
            ],
            [
              -82.75183823909468,
              27.969514968332586
            ],
            [
              -82.75183850147417,
              27.96970750000541
            ]
          ]
        ]
      },
      "properties": {
        "OBJECTID": 1047865,
        "PARCELID": "122915826560110130",
        "STRAP": "152912826560110130",
        "SITE_ADDRESS": "308 GRAHAM DR",
        "SITE_CITY": "CLEARWATER",
        "SITE_STATE": "FL",
        "SITE_ZIP": "33765",
        "LAND_USE_CODE": "01"
      }
    },
    {
      "type": "Feature",
      "id": 1057019,
      "geometry": {
        "type": "Polygon",
        "coordinates": [
          [
            [
              -82.75183876886967,
              27.969900020816915
            ],
            [
              -82.75217965444477,
              27.969901209523258
            ],
            [
              -82.75217948592919,
              27.96970852484926
            ],
            [
              -82.75183850147417,
              27.96970750000541
            ],
            [
              -82.75183876886967,
              27.969900020816915
            ]
          ]
        ]
      },
      "properties": {
        "OBJECTID": 1057019,
        "PARCELID": "122915826560110140",
        "STRAP": "152912826560110140",
        "SITE_ADDRESS": "312 GRAHAM DR",
        "SITE_CITY": "CLEARWATER",
        "SITE_STATE": "FL",
        "SITE_ZIP": "33765",
        "LAND_USE_CODE": "01"
      }
    },
    {
      "type": "Feature",
      "id": 1062307,
      "geometry": {
        "type": "Polygon",
        "coordinates": [
          [
            [
              -82.75474336376953,
              27.969608720534712
            ],
            [
              -82.75498859145003,
              27.969609127556748
            ],
            [
              -82.75498844887083,
              27.96944409899609
            ],
            [
              -82.75498830891878,
              27.969280322922764
            ],
            [
              -82.75498830632344,
              27.969279074040887
            ],
            [
              -82.75474295844515,
              27.969278667667158
            ],
            [
              -82.75474316058947,
              27.969443693203363
            ],
            [
              -82.75474336376953,
              27.969608720534712
            ]
          ]
        ]
      },
      "properties": {
        "OBJECTID": 1062307,
        "PARCELID": "122915557820220071",
        "STRAP": "152912557820220071",
        "SITE_ADDRESS": "1972 HARDING PLZ",
        "SITE_CITY": "CLEARWATER",
        "SITE_STATE": "FL",
        "SITE_ZIP": "33765",
        "LAND_USE_CODE": "01"
      }
    },
    {
      "type": "Feature",
      "id": 1066177,
      "geometry": {
        "type": "Polygon",
        "coordinates": [
          [
            [
              -82.7536400288647,
              27.97154475052752
            ],
            [
              -82.75403999302272,
              27.971546735291554
            ],
            [
              -82.75403999066356,
              27.97154595745172
            ],
            [
              -82.75403910323871,
              27.971314682860335
            ],
            [
              -82.75364006939654,
              27.971312181335374
            ],
            [
              -82.75363919222436,
              27.971312178018795
            ],
            [
              -82.7536400288647,
              27.97154475052752
            ]
          ]
        ]
      },
      "properties": {
        "OBJECTID": 1066177,
        "PARCELID": "122915826380010120",
        "STRAP": "152912826380010120",
        "SITE_ADDRESS": "2011 MARILYN ST",
        "SITE_CITY": "CLEARWATER",
        "SITE_STATE": "FL",
        "SITE_ZIP": "33765",
        "LAND_USE_CODE": "01"
      }
    },
    {
      "type": "Feature",
      "id": 1066880,
      "geometry": {
        "type": "Polygon",
        "coordinates": [
          [
            [
              -82.75270423634963,
              27.968872923621916
            ],
            [
              -82.75306048775428,
              27.96887330873708
            ],
            [
              -82.75306001772088,
              27.96868059953893
            ],
            [
              -82.75305994566426,
              27.968653094430973
            ],
            [
              -82.75270377958711,
              27.968652891118595
            ],
            [
              -82.75270397045801,
              27.96868039467568
            ],
            [
              -82.75270423634963,
              27.968872923621916
            ]
          ]
        ]
      },
      "properties": {
        "OBJECTID": 1066880,
        "PARCELID": "122915826560090010",
        "STRAP": "152912826560090010",
        "SITE_ADDRESS": "2029 HARDING ST",
        "SITE_CITY": "CLEARWATER",
        "SITE_STATE": "FL",
        "SITE_ZIP": "33765",
        "LAND_USE_CODE": "08"
      }
    },
    {
      "type": "Feature",
      "id": 1071938,
      "geometry": {
        "type": "Polygon",
        "coordinates": [
          [
            [
              -82.75168530134506,
              27.968778168938695
            ],
            [
              -82.75172422018821,
              27.968829778310074
            ],
            [
              -82.7517577966342,
              27.968884265678682
            ],
            [
              -82.75178576339734,
              27.968941194853592
            ],
            [
              -82.75178771899739,
              27.9689407690727
            ],
            [
              -82.75217723500991,
              27.968856075009818
            ],
            [
              -82.75217676478276,
              27.96872979463726
            ],
            [
              -82.75202880932886,
              27.968552682526536
            ],
            [
              -82.75168530134506,
              27.968778168938695
            ]
          ]
        ]
      },
      "properties": {
        "OBJECTID": 1071938,
        "PARCELID": "122915826560110090",
        "STRAP": "152912826560110090",
        "SITE_ADDRESS": "2062 NE COACHMAN RD",
        "SITE_CITY": "CLEARWATER",
        "SITE_STATE": "FL",
        "SITE_ZIP": "33765",
        "LAND_USE_CODE": "11"
      }
    },
    {
      "type": "Feature",
      "id": 1078693,
      "geometry": {
        "type": "Polygon",
        "coordinates": [
          [
            [
              -82.75403833252017,
              27.971114078665096
            ],
            [
              -82.75443687551692,
              27.97111640486966
            ],
            [
              -82.7544363793723,
              27.97091563403992
            ],
            [
              -82.75403755860773,
              27.970913305736243
            ],
            [
              -82.75403833252017,
              27.971114078665096
            ]
          ]
        ]
      },
      "properties": {
        "OBJECTID": 1078693,
        "PARCELID": "122915826380010030",
        "STRAP": "152912826380010030",
        "SITE_ADDRESS": "413 N HERCULES AVE",
        "SITE_CITY": "CLEARWATER",
        "SITE_STATE": "FL",
        "SITE_ZIP": "33765",
        "LAND_USE_CODE": "01"
      }
    },
    {
      "type": "Feature",
      "id": 1082618,
      "geometry": {
        "type": "Polygon",
        "coordinates": [
          [
            [
              -82.75217965444477,
              27.969901209523258
            ],
            [
              -82.7525194819176,
              27.969902392343304
            ],
            [
              -82.75252035806217,
              27.9699023956728
            ],
            [
              -82.75251980116981,
              27.969704361105315
            ],
            [
              -82.75217970596937,
              27.96970405414899
            ],
            [
              -82.75217948592919,
              27.96970852484926
            ],
            [
              -82.75217965444477,
              27.969901209523258
            ]
          ]
        ]
      },
      "properties": {
        "OBJECTID": 1082618,
        "PARCELID": "122915826560110020",
        "STRAP": "152912826560110020",
        "SITE_ADDRESS": "315 KERRY DR",
        "SITE_CITY": "CLEARWATER",
        "SITE_STATE": "FL",
        "SITE_ZIP": "33765",
        "LAND_USE_CODE": "01"
      }
    },
    {
      "type": "Feature",
      "id": 1096867,
      "geometry": {
        "type": "Polygon",
        "coordinates": [
          [
            [
              -82.75551973471548,
              27.968634302886656
            ],
            [
              -82.7555509868302,
              27.968634413724164
            ],
            [
              -82.75563202405274,
              27.96863470775959
            ],
            [
              -82.75571306835113,
              27.968634996294128
            ],
            [
              -82.7557772801535,
              27.968635228347196
            ],
            [
              -82.75577640743423,
              27.96840161105918
            ],
            [
              -82.75571060956379,
              27.968401428322142
            ],
            [
              -82.7556295698133,
              27.96840118397543
            ],
            [
              -82.75554852910219,
              27.96840094770767
            ],
            [
              -82.75551804846721,
              27.968400835339654
            ],
            [
              -82.75551973471548,
              27.968634302886656
            ]
          ]
        ]
      },
      "properties": {
        "OBJECTID": 1096867,
        "PARCELID": "122915557820250270",
        "STRAP": "152912557820250270",
        "SITE_ADDRESS": "1954 DREW PLZ",
        "SITE_CITY": "CLEARWATER",
        "SITE_STATE": "FL",
        "SITE_ZIP": "33765",
        "LAND_USE_CODE": "01"
      }
    },
    {
      "type": "Feature",
      "id": 1097369,
      "geometry": {
        "type": "Polygon",
        "coordinates": [
          [
            [
              -82.75184046794101,
              27.971101617715572
            ],
            [
              -82.75218101740168,
              27.97110333248586
            ],
            [
              -82.75218065256843,
              27.970903892786485
            ],
            [
              -82.75184279337262,
              27.970901336723752
            ],
            [
              -82.75184006623434,
              27.970901313726237
            ],
            [
              -82.75184046794101,
              27.971101617715572
            ]
          ]
        ]
      },
      "properties": {
        "OBJECTID": 1097369,
        "PARCELID": "122915826560100100",
        "STRAP": "152912826560100100",
        "SITE_ADDRESS": "412 GRAHAM DR",
        "SITE_CITY": "CLEARWATER",
        "SITE_STATE": "FL",
        "SITE_ZIP": "33765",
        "LAND_USE_CODE": "01"
      }
    },
    {
      "type": "Feature",
      "id": 1097564,
      "geometry": {
        "type": "Polygon",
        "coordinates": [
          [
            [
              -82.75553271939573,
              27.97062622154851
            ],
            [
              -82.7557181297518,
              27.97062618326212
            ],
            [
              -82.75571751866286,
              27.97025668221107
            ],
            [
              -82.75553164406824,
              27.970256373815367
            ],
            [
              -82.75553271939573,
              27.97062622154851
            ]
          ]
        ]
      },
      "properties": {
        "OBJECTID": 1097564,
        "PARCELID": "122915557820210070",
        "STRAP": "152912557820210070",
        "SITE_ADDRESS": "1956 MCKINLEY ST",
        "SITE_CITY": "CLEARWATER",
        "SITE_STATE": "FL",
        "SITE_ZIP": "33765",
        "LAND_USE_CODE": "01"
      }
    }
  ]
}
